0,1,2,3,4,5,6,7,8,9,10,11
22,116,134,14,156,14,116,44,70,132,14,144
22,116,134,14,156,14,116,44,70,132,14,144
14,144,22,116,134,14,156,14,116,44,70,132
14,144,22,116,134,14,156,14,116,44,70,132
98,940,133,902,1204,88,1222,27,1158,872,233,1327
98,940,133,902,1204,88,1222,27,1158,872,233,1327
233,1327,98,940,133,902,1204,88,1222,27,1158,872
233,1327,98,940,133,902,1204,88,1222,27,1158,872
504,41,393,411,64,398,81,515,197,167,254,145
504,41,393,411,64,398,81,515,197,167,254,145
254,145,504,41,393,411,64,398,81,515,197,167
254,145,504,41,393,411,64,398,81,515,197,167
228,62,279,40,338,184,58,201,80,309,40,189
228,62,279,40,338,184,58,201,80,309,40,189
40,189,228,62,279,40,338,184,58,201,80,309
40,189,228,62,279,40,338,184,58,201,80,309
114,8,112,6,148,84,28,62,42,136,4,130
114,8,112,6,148,84,28,62,42,136,4,130
4,130,114,8,112,6,148,84,28,62,42,136
4,130,114,8,112,6,148,84,28,62,42,136
606,58,561,77,526,445,107,617,102,445,150,361
606,58,561,77,526,445,107,617,102,445,150,361
150,361,606,58,561,77,526,445,107,617,102,445
150,361,606,58,561,77,526,445,107,617,102,445
128,46,204,38,176,176,40,182,16,220,140,38
128,46,204,38,176,176,40,182,16,220,140,38
140,38,128,46,204,38,176,176,40,182,16,220
140,38,128,46,204,38,176,176,40,182,16,220
142,22,120,104,28,106,10,162,88,38,84,54
142,22,120,104,28,106,10,162,88,38,84,54
84,54,142,22,120,104,28,106,10,162,88,38
84,54,142,22,120,104,28,106,10,162,88,38
136,0,116,0,104,72,28,136,4,80,4,82
136,0,116,0,104,72,28,136,4,80,4,82
4,82,136,0,116,0,104,72,28,136,4,80
4,82,136,0,116,0,104,72,28,136,4,80
0,193,128,25,185,0,112,20,107,203,6,200
0,193,128,25,185,0,112,20,107,203,6,200
6,200,0,193,128,25,185,0,112,20,107,203
6,200,0,193,128,25,185,0,112,20,107,203
51,445,297,0,577,232,4,501,8,476,371,24
51,445,297,0,577,232,4,501,8,476,371,24
371,24,51,445,297,0,577,232,4,501,8,476
371,24,51,445,297,0,577,232,4,501,8,476
1824,0,716,84,774,1352,0,1236,0,968,548,304
1824,0,716,84,774,1352,0,1236,0,968,548,304
548,304,1824,0,716,84,774,1352,0,1236,0,968
548,304,1824,0,716,84,774,1352,0,1236,0,968
9,114,149,8,141,12,147,96,32,139,15,113
9,114,149,8,141,12,147,96,32,139,15,113
15,113,9,114,149,8,141,12,147,96,32,139
15,113,9,114,149,8,141,12,147,96,32,139
2,106,94,23,127,7,101,19,90,121,12,109
2,106,94,23,127,7,101,19,90,121,12,109
12,109,2,106,94,23,127,7,101,19,90,121
12,109,2,106,94,23,127,7,101,19,90,121
377,89,555,26,389,89,317,541,41,494,58,451
377,89,555,26,389,89,317,541,41,494,58,451
58,451,377,89,555,26,389,89,317,541,41,494
58,451,377,89,555,26,389,89,317,541,41,494
104,14,78,94,18,82,18,108,64,22,88,20
104,14,78,94,18,82,18,108,64,22,88,20
88,20,104,14,78,94,18,82,18,108,64,22
88,20,104,14,78,94,18,82,18,108,64,22
8,150,146,22,169,5,199,118,37,109,46,197
8,150,146,22,169,5,199,118,37,109,46,197
46,197,8,150,146,22,169,5,199,118,37,109
46,197,8,150,146,22,169,5,199,118,37,109
200,26,132,194,28,152,26,212,128,32,116,88
200,26,132,194,28,152,26,212,128,32,116,88
116,88,200,26,132,194,28,152,26,212,128,32
116,88,200,26,132,194,28,152,26,212,128,32
651,212,893,149,726,754,140,809,147,925,490,352
651,212,893,149,726,754,140,809,147,925,490,352
490,352,651,212,893,149,726,754,140,809,147,925
490,352,651,212,893,149,726,754,140,809,147,925
548,100,455,458,136,412,141,546,285,187,304,208
548,100,455,458,136,412,141,546,285,187,304,208
304,208,548,100,455,458,136,412,141,546,285,187
304,208,548,100,455,458,136,412,141,546,285,187
213,40,268,25,219,215,41,219,34,278,144,87
213,40,268,25,219,215,41,219,34,278,144,87
144,87,213,40,268,25,219,215,41,219,34,278
144,87,213,40,268,25,219,215,41,219,34,278
0,152,124,20,158,2,134,46,76,138,24,170
0,152,124,20,158,2,134,46,76,138,24,170
24,170,0,152,124,20,158,2,134,46,76,138
24,170,0,152,124,20,158,2,134,46,76,138
38,84,126,16,162,0,128,106,34,176,2,134
38,84,126,16,162,0,128,106,34,176,2,134
2,134,38,84,126,16,162,0,128,106,34,176
2,134,38,84,126,16,162,0,128,106,34,176
595,108,716,391,219,427,210,780,95,558,573,123
595,108,716,391,219,427,210,780,95,558,573,123
573,123,595,108,716,391,219,427,210,780,95,558
573,123,595,108,716,391,219,427,210,780,95,558
13,375,299,32,286,56,401,147,197,265,87,461
13,375,299,32,286,56,401,147,197,265,87,461
87,461,13,375,299,32,286,56,401,147,197,265
87,461,13,375,299,32,286,56,401,147,197,265
35,561,41,515,762,21,630,6,658,430,87,741
35,561,41,515,762,21,630,6,658,430,87,741
87,741,35,561,41,515,762,21,630,6,658,430
87,741,35,561,41,515,762,21,630,6,658,430
73,23,61,99,15,77,6,97,90,16,99,13
73,23,61,99,15,77,6,97,90,16,99,13
99,13,73,23,61,99,15,77,6,97,90,16
99,13,73,23,61,99,15,77,6,97,90,16
251,0,237,148,23,258,15,168,14,182,277,8
251,0,237,148,23,258,15,168,14,182,277,8
277,8,251,0,237,148,23,258,15,168,14,182
277,8,251,0,237,148,23,258,15,168,14,182
60,67,116,6,108,86,26,124,14,142,72,39
60,67,116,6,108,86,26,124,14,142,72,39
72,39,60,67,116,6,108,86,26,124,14,142
72,39,60,67,116,6,108,86,26,124,14,142
908,171,736,1054,49,935,35,878,605,224,959,92
908,171,736,1054,49,935,35,878,605,224,959,92
959,92,908,171,736,1054,49,935,35,878,605,224
959,92,908,171,736,1054,49,935,35,878,605,224
51,383,557,59,505,19,592,324,112,567,68,504
51,383,557,59,505,19,592,324,112,567,68,504
68,504,51,383,557,59,505,19,592,324,112,567
68,504,51,383,557,59,505,19,592,324,112,567
748,95,694,176,515,665,117,701,103,578,370,254
748,95,694,176,515,665,117,701,103,578,370,254
370,254,748,95,694,176,515,665,117,701,103,578
370,254,748,95,694,176,515,665,117,701,103,578
156,39,194,32,192,44,141,198,16,181,1,217
156,39,194,32,192,44,141,198,16,181,1,217
1,217,156,39,194,32,192,44,141,198,16,181
1,217,156,39,194,32,192,44,141,198,16,181
301,247,448,143,670,71,548,459,118,545,61,622
301,247,448,143,670,71,548,459,118,545,61,622
61,622,301,247,448,143,670,71,548,459,118,545
61,622,301,247,448,143,670,71,548,459,118,545
84,42,168,12,131,125,14,167,2,198,130,22
84,42,168,12,131,125,14,167,2,198,130,22
130,22,84,42,168,12,131,125,14,167,2,198
130,22,84,42,168,12,131,125,14,167,2,198
32,44,86,2,94,102,18,110,10,116,68,24
32,44,86,2,94,102,18,110,10,116,68,24
68,24,32,44,86,2,94,102,18,110,10,116
68,24,32,44,86,2,94,102,18,110,10,116
368,80,505,262,151,259,148,487,58,396,383,96
368,80,505,262,151,259,148,487,58,396,383,96
383,96,368,80,505,262,151,259,148,487,58,396
383,96,368,80,505,262,151,259,148,487,58,396
0,124,78,28,118,10,104,0,108,138,4,132
0,124,78,28,118,10,104,0,108,138,4,132
4,132,0,124,78,28,118,10,104,0,108,138
4,132,0,124,78,28,118,10,104,0,108,138
116,11,108,15,174,52,52,101,40,184,2,153
116,11,108,15,174,52,52,101,40,184,2,153
2,153,116,11,108,15,174,52,52,101,40,184
2,153,116,11,108,15,174,52,52,101,40,184
248,224,542,84,390,365,65,510,67,615,335,74
248,224,542,84,390,365,65,510,67,615,335,74
335,74,248,224,542,84,390,365,65,510,67,615
335,74,248,224,542,84,390,365,65,510,67,615
10,232,216,46,326,0,268,58,188,280,8,302
10,232,216,46,326,0,268,58,188,280,8,302
8,302,10,232,216,46,326,0,268,58,188,280
8,302,10,232,216,46,326,0,268,58,188,280
436,94,381,242,147,606,29,378,114,312,621,29
436,94,381,242,147,606,29,378,114,312,621,29
621,29,436,94,381,242,147,606,29,378,114,312
621,29,436,94,381,242,147,606,29,378,114,312
55,59,108,33,165,7,128,118,22,129,20,184
55,59,108,33,165,7,128,118,22,129,20,184
20,184,55,59,108,33,165,7,128,118,22,129
20,184,55,59,108,33,165,7,128,118,22,129
0,154,108,18,142,2,126,46,76,124,26,150
0,154,108,18,142,2,126,46,76,124,26,150
26,150,0,154,108,18,142,2,126,46,76,124
26,150,0,154,108,18,142,2,126,46,76,124
102,20,71,106,10,103,0,93,72,32,139,0
102,20,71,106,10,103,0,93,72,32,139,0
139,0,102,20,71,106,10,103,0,93,72,32
139,0,102,20,71,106,10,103,0,93,72,32
287,27,212,30,324,185,74,172,107,333,21,280
287,27,212,30,324,185,74,172,107,333,21,280
21,280,287,27,212,30,324,185,74,172,107,333
21,280,287,27,212,30,324,185,74,172,107,333
136,5,72,12,65,180,4,112,13,92,83,18
136,5,72,12,65,180,4,112,13,92,83,18
83,18,136,5,72,12,65,180,4,112,13,92
83,18,136,5,72,12,65,180,4,112,13,92
734,115,560,503,116,616,116,755,335,250,416,189
734,115,560,503,116,616,116,755,335,250,416,189
416,189,734,115,560,503,116,616,116,755,335,250
416,189,734,115,560,503,116,616,116,755,335,250
95,603,502,131,586,129,763,332,296,507,162,683
95,603,502,131,586,129,763,332,296,507,162,683
162,683,95,603,502,131,586,129,763,332,296,507
162,683,95,603,502,131,586,129,763,332,296,507
107,69,210,9,163,162,16,157,18,235,70,61
107,69,210,9,163,162,16,157,18,235,70,61
70,61,107,69,210,9,163,162,16,157,18,235
70,61,107,69,210,9,163,162,16,157,18,235
361,140,684,33,538,56,448,638,41,605,47,572
361,140,684,33,538,56,448,638,41,605,47,572
47,572,361,140,684,33,538,56,448,638,41,605
47,572,361,140,684,33,538,56,448,638,41,605
813,282,1350,162,1046,81,1019,1381,34,1324,12,1202
813,282,1350,162,1046,81,1019,1381,34,1324,12,1202
12,1202,813,282,1350,162,1046,81,1019,1381,34,1324
12,1202,813,282,1350,162,1046,81,1019,1381,34,1324
368,191,416,259,780,24,666,637,96,588,85,845
368,191,416,259,780,24,666,637,96,588,85,845
85,845,368,191,416,259,780,24,666,637,96,588
85,845,368,191,416,259,780,24,666,637,96,588
6,96,10,98,168,10,164,0,114,102,18,170
6,96,10,98,168,10,164,0,114,102,18,170
18,170,6,96,10,98,168,10,164,0,114,102
18,170,6,96,10,98,168,10,164,0,114,102
524,12,332,11,428,301,80,538,7,338,51,265
524,12,332,11,428,301,80,538,7,338,51,265
51,265,524,12,332,11,428,301,80,538,7,338
51,265,524,12,332,11,428,301,80,538,7,338
417,65,404,65,603,124,205,371,136,602,24,492
417,65,404,65,603,124,205,371,136,602,24,492
24,492,417,65,404,65,603,124,205,371,136,602
24,492,417,65,404,65,603,124,205,371,136,602
810,88,829,40,1083,526,102,474,155,1075,165,606
810,88,829,40,1083,526,102,474,155,1075,165,606
165,606,810,88,829,40,1083,526,102,474,155,1075
165,606,810,88,829,40,1083,526,102,474,155,1075
910,82,660,666,122,709,85,818,459,237,539,234
910,82,660,666,122,709,85,818,459,237,539,234
539,234,910,82,660,666,122,709,85,818,459,237
539,234,910,82,660,666,122,709,85,818,459,237
1024,109,895,234,695,917,120,978,98,923,631,297
1024,109,895,234,695,917,120,978,98,923,631,297
631,297,1024,109,895,234,695,917,120,978,98,923
631,297,1024,109,895,234,695,917,120,978,98,923
209,13,143,10,134,200,19,188,8,199,150,40
209,13,143,10,134,200,19,188,8,199,150,40
150,40,209,13,143,10,134,200,19,188,8,199
150,40,209,13,143,10,134,200,19,188,8,199
12,26,218,0,84,0,141,99,8,104,0,62
12,26,218,0,84,0,141,99,8,104,0,62
0,62,12,26,218,0,84,0,141,99,8,104
0,62,12,26,218,0,84,0,141,99,8,104
326,7,287,287,45,268,38,405,118,87,114,122
326,7,287,287,45,268,38,405,118,87,114,122
114,122,326,7,287,287,45,268,38,405,118,87
114,122,326,7,287,287,45,268,38,405,118,87
343,18,289,253,40,260,43,321,161,107,173,91
343,18,289,253,40,260,43,321,161,107,173,91
173,91,343,18,289,253,40,260,43,321,161,107
173,91,343,18,289,253,40,260,43,321,161,107
1,335,296,54,433,10,328,34,268,420,19,380
1,335,296,54,433,10,328,34,268,420,19,380
19,380,1,335,296,54,433,10,328,34,268,420
19,380,1,335,296,54,433,10,328,34,268,420
376,56,437,37,417,308,132,506,34,360,89,302
376,56,437,37,417,308,132,506,34,360,89,302
89,302,376,56,437,37,417,308,132,506,34,360
89,302,376,56,437,37,417,308,132,506,34,360
94,20,80,48,151,22,93,97,16,103,8,171
94,20,80,48,151,22,93,97,16,103,8,171
8,171,94,20,80,48,151,22,93,97,16,103
8,171,94,20,80,48,151,22,93,97,16,103
165,14,231,82,33,125,44,186,9,166,155,15
165,14,231,82,33,125,44,186,9,166,155,15
155,15,165,14,231,82,33,125,44,186,9,166
155,15,165,14,231,82,33,125,44,186,9,166
0,142,122,22,176,2,138,48,86,182,22,188
0,142,122,22,176,2,138,48,86,182,22,188
22,188,0,142,122,22,176,2,138,48,86,182
22,188,0,142,122,22,176,2,138,48,86,182
163,22,100,107,36,102,18,158,74,30,116,26
163,22,100,107,36,102,18,158,74,30,116,26
116,26,163,22,100,107,36,102,18,158,74,30
116,26,163,22,100,107,36,102,18,158,74,30
963,44,754,796,61,769,57,981,458,199,353,372
963,44,754,796,61,769,57,981,458,199,353,372
353,372,963,44,754,796,61,769,57,981,458,199
353,372,963,44,754,796,61,769,57,981,458,199
1204,240,1036,1606,98,1419,15,1445,961,266,1559,121
1204,240,1036,1606,98,1419,15,1445,961,266,1559,121
1559,121,1204,240,1036,1606,98,1419,15,1445,961,266
1559,121,1204,240,1036,1606,98,1419,15,1445,961,266
10,137,127,18,150,36,178,88,55,71,69,174
10,137,127,18,150,36,178,88,55,71,69,174
69,174,10,137,127,18,150,36,178,88,55,71
69,174,10,137,127,18,150,36,178,88,55,71
538,94,555,85,691,311,220,357,226,728,42,600
538,94,555,85,691,311,220,357,226,728,42,600
42,600,538,94,555,85,691,311,220,357,226,728
42,600,538,94,555,85,691,311,220,357,226,728
273,10,245,0,243,187,35,242,15,167,20,171
273,10,245,0,243,187,35,242,15,167,20,171
20,171,273,10,245,0,243,187,35,242,15,167
20,171,273,10,245,0,243,187,35,242,15,167
86,26,164,11,113,9,119,172,3,141,0,136
86,26,164,11,113,9,119,172,3,141,0,136
0,136,86,26,164,11,113,9,119,172,3,141
0,136,86,26,164,11,113,9,119,172,3,141
571,246,959,98,832,823,93,720,90,931,378,331
571,246,959,98,832,823,93,720,90,931,378,331
378,331,571,246,959,98,832,823,93,720,90,931
378,331,571,246,959,98,832,823,93,720,90,931
332,60,328,14,266,200,96,406,36,364,42,248
332,60,328,14,266,200,96,406,36,364,42,248
42,248,332,60,328,14,266,200,96,406,36,364
42,248,332,60,328,14,266,200,96,406,36,364
347,77,543,31,438,59,361,575,23,472,17,478
347,77,543,31,438,59,361,575,23,472,17,478
17,478,347,77,543,31,438,59,361,575,23,472
17,478,347,77,543,31,438,59,361,575,23,472
60,0,55,8,48,70,5,54,5,52,41,18
60,0,55,8,48,70,5,54,5,52,41,18
41,18,60,0,55,8,48,70,5,54,5,52
41,18,60,0,55,8,48,70,5,54,5,52
84,24,140,12,91,109,28,124,2,152,102,8
84,24,140,12,91,109,28,124,2,152,102,8
102,8,84,24,140,12,91,109,28,124,2,152
102,8,84,24,140,12,91,109,28,124,2,152
494,337,825,199,858,121,753,767,140,906,117,873
494,337,825,199,858,121,753,767,140,906,117,873
117,873,494,337,825,199,858,121,753,767,140,906
117,873,494,337,825,199,858,121,753,767,140,906
776,197,587,880,132,824,74,888,647,197,857,114
776,197,587,880,132,824,74,888,647,197,857,114
857,114,776,197,587,880,132,824,74,888,647,197
857,114,776,197,587,880,132,824,74,888,647,197
191,53,167,255,27,240,15,271,208,55,304,10
191,53,167,255,27,240,15,271,208,55,304,10
304,10,191,53,167,255,27,240,15,271,208,55
304,10,191,53,167,255,27,240,15,271,208,55
505,160,700,82,572,550,109,573,82,703,367,249
505,160,700,82,572,550,109,573,82,703,367,249
367,249,505,160,700,82,572,550,109,573,82,703
367,249,505,160,700,82,572,550,109,573,82,703
88,911,1193,98,1033,139,1105,501,467,1206,65,930
88,911,1193,98,1033,139,1105,501,467,1206,65,930
65,930,88,911,1193,98,1033,139,1105,501,467,1206
65,930,88,911,1193,98,1033,139,1105,501,467,1206
58,407,290,66,372,24,538,244,120,300,160,530
58,407,290,66,372,24,538,244,120,300,160,530
160,530,58,407,290,66,372,24,538,244,120,300
160,530,58,407,290,66,372,24,538,244,120,300
104,156,428,78,458,254,98,176,104,590,346,154
104,156,428,78,458,254,98,176,104,590,346,154
346,154,104,156,428,78,458,254,98,176,104,590
346,154,104,156,428,78,458,254,98,176,104,590
142,29,107,107,27,105,39,161,85,36,89,44
142,29,107,107,27,105,39,161,85,36,89,44
89,44,142,29,107,107,27,105,39,161,85,36
89,44,142,29,107,107,27,105,39,161,85,36
104,76,216,28,182,150,32,194,32,216,118,84
104,76,216,28,182,150,32,194,32,216,118,84
118,84,104,76,216,28,182,150,32,194,32,216
118,84,104,76,216,28,182,150,32,194,32,216
3241,133,2509,2681,197,2486,195,3185,1568,620,1186,1386
3241,133,2509,2681,197,2486,195,3185,1568,620,1186,1386
1186,1386,3241,133,2509,2681,197,2486,195,3185,1568,620
1186,1386,3241,133,2509,2681,197,2486,195,3185,1568,620
931,107,965,55,947,654,241,927,102,951,207,657
931,107,965,55,947,654,241,927,102,951,207,657
207,657,931,107,965,55,947,654,241,927,102,951
207,657,931,107,965,55,947,654,241,927,102,951
79,66,74,93,249,11,180,145,37,155,47,288
79,66,74,93,249,11,180,145,37,155,47,288
47,288,79,66,74,93,249,11,180,145,37,155
47,288,79,66,74,93,249,11,180,145,37,155
79,10,80,22,54,47,26,95,2,72,22,49
79,10,80,22,54,47,26,95,2,72,22,49
22,49,79,10,80,22,54,47,26,95,2,72
22,49,79,10,80,22,54,47,26,95,2,72
1334,170,1504,179,1038,703,332,1854,161,1183,225,962
1334,170,1504,179,1038,703,332,1854,161,1183,225,962
225,962,1334,170,1504,179,1038,703,332,1854,161,1183
225,962,1334,170,1504,179,1038,703,332,1854,161,1183
20,218,120,90,250,16,214,34,200,250,48,218
20,218,120,90,250,16,214,34,200,250,48,218
48,218,20,218,120,90,250,16,214,34,200,250
48,218,20,218,120,90,250,16,214,34,200,250
294,124,497,32,382,322,62,338,89,573,185,172
294,124,497,32,382,322,62,338,89,573,185,172
185,172,294,124,497,32,382,322,62,338,89,573
185,172,294,124,497,32,382,322,62,338,89,573
91,32,98,43,140,1,121,125,4,90,6,153
91,32,98,43,140,1,121,125,4,90,6,153
6,153,91,32,98,43,140,1,121,125,4,90
6,153,91,32,98,43,140,1,121,125,4,90
246,44,180,63,156,218,19,172,59,183,127,65
246,44,180,63,156,218,19,172,59,183,127,65
127,65,246,44,180,63,156,218,19,172,59,183
127,65,246,44,180,63,156,218,19,172,59,183
4,102,140,3,128,0,141,104,38,138,11,107
4,102,140,3,128,0,141,104,38,138,11,107
11,107,4,102,140,3,128,0,141,104,38,138
11,107,4,102,140,3,128,0,141,104,38,138
97,8,101,1,103,79,22,116,11,110,12,90
97,8,101,1,103,79,22,116,11,110,12,90
12,90,97,8,101,1,103,79,22,116,11,110
12,90,97,8,101,1,103,79,22,116,11,110
104,18,148,61,57,93,25,129,14,105,90,23
104,18,148,61,57,93,25,129,14,105,90,23
90,23,104,18,148,61,57,93,25,129,14,105
90,23,104,18,148,61,57,93,25,129,14,105
313,15,547,3,332,49,212,455,17,365,4,398
313,15,547,3,332,49,212,455,17,365,4,398
4,398,313,15,547,3,332,49,212,455,17,365
4,398,313,15,547,3,332,49,212,455,17,365
61,83,84,64,149,22,114,104,45,119,50,130
61,83,84,64,149,22,114,104,45,119,50,130
50,130,61,83,84,64,149,22,114,104,45,119
50,130,61,83,84,64,149,22,114,104,45,119
150,0,153,147,3,137,11,131,69,60,119,25
150,0,153,147,3,137,11,131,69,60,119,25
119,25,150,0,153,147,3,137,11,131,69,60
119,25,150,0,153,147,3,137,11,131,69,60
125,61,60,70,49,126,15,131,104,30,102,25
125,61,60,70,49,126,15,131,104,30,102,25
102,25,125,61,60,70,49,126,15,131,104,30
102,25,125,61,60,70,49,126,15,131,104,30
125,8,110,24,73,144,9,120,0,122,92,22
125,8,110,24,73,144,9,120,0,122,92,22
92,22,125,8,110,24,73,144,9,120,0,122
92,22,125,8,110,24,73,144,9,120,0,122
85,672,243,270,341,221,730,71,561,465,139,505
85,672,243,270,341,221,730,71,561,465,139,505
139,505,85,672,243,270,341,221,730,71,561,465
139,505,85,672,243,270,341,221,730,71,561,465
4,102,140,3,128,0,141,104,38,138,11,107
4,102,140,3,128,0,141,104,38,138,11,107
11,107,4,102,140,3,128,0,141,104,38,138
11,107,4,102,140,3,128,0,141,104,38,138
52,173,292,14,258,26,272,226,52,300,15,251
52,173,292,14,258,26,272,226,52,300,15,251
15,251,52,173,292,14,258,26,272,226,52,300
15,251,52,173,292,14,258,26,272,226,52,300
24,212,40,262,274,30,218,42,264,158,120,304
24,212,40,262,274,30,218,42,264,158,120,304
120,304,24,212,40,262,274,30,218,42,264,158
120,304,24,212,40,262,274,30,218,42,264,158
131,5,101,17,126,46,28,67,39,102,5,98
131,5,101,17,126,46,28,67,39,102,5,98
5,98,131,5,101,17,126,46,28,67,39,102
5,98,131,5,101,17,126,46,28,67,39,102
8,199,142,63,147,14,153,14,122,178,6,190
8,199,142,63,147,14,153,14,122,178,6,190
6,190,8,199,142,63,147,14,153,14,122,178
6,190,8,199,142,63,147,14,153,14,122,178
143,25,237,0,128,6,97,113,0,116,1,142
143,25,237,0,128,6,97,113,0,116,1,142
1,142,143,25,237,0,128,6,97,113,0,116
1,142,143,25,237,0,128,6,97,113,0,116
14,239,164,61,240,21,210,44,181,250,27,203
14,239,164,61,240,21,210,44,181,250,27,203
27,203,14,239,164,61,240,21,210,44,181,250
27,203,14,239,164,61,240,21,210,44,181,250
146,1189,336,564,1597,256,1068,115,1398,1140,105,1193
146,1189,336,564,1597,256,1068,115,1398,1140,105,1193
105,1193,146,1189,336,564,1597,256,1068,115,1398,1140
105,1193,146,1189,336,564,1597,256,1068,115,1398,1140
3,96,98,7,86,17,114,50,34,86,21,102
3,96,98,7,86,17,114,50,34,86,21,102
21,102,3,96,98,7,86,17,114,50,34,86
21,102,3,96,98,7,86,17,114,50,34,86
164,62,97,156,23,169,3,145,116,29,129,8
164,62,97,156,23,169,3,145,116,29,129,8
129,8,164,62,97,156,23,169,3,145,116,29
129,8,164,62,97,156,23,169,3,145,116,29
91,22,100,4,129,116,16,83,19,120,85,33
91,22,100,4,129,116,16,83,19,120,85,33
85,33,91,22,100,4,129,116,16,83,19,120
85,33,91,22,100,4,129,116,16,83,19,120
22,5,33,0,14,0,18,48,0,30,0,37
22,5,33,0,14,0,18,48,0,30,0,37
0,37,22,5,33,0,14,0,18,48,0,30
0,37,22,5,33,0,14,0,18,48,0,30
147,0,142,124,11,150,4,132,30,95,143,4
147,0,142,124,11,150,4,132,30,95,143,4
143,4,147,0,142,124,11,150,4,132,30,95
143,4,147,0,142,124,11,150,4,132,30,95
182,349,28,314,18,287,248,49,363,17,244,61
182,349,28,314,18,287,248,49,363,17,244,61
244,61,182,349,28,314,18,287,248,49,363,17
244,61,182,349,28,314,18,287,248,49,363,17
270,225,567,89,406,374,67,537,74,638,348,83
270,225,567,89,406,374,67,537,74,638,348,83
348,83,270,225,567,89,406,374,67,537,74,638
348,83,270,225,567,89,406,374,67,537,74,638
60,3,148,0,51,3,56,177,0,100,0,135
60,3,148,0,51,3,56,177,0,100,0,135
0,135,60,3,148,0,51,3,56,177,0,100
0,135,60,3,148,0,51,3,56,177,0,100
1541,953,3158,481,1521,614,1791,2441,411,2282,815,1855
1541,953,3158,481,1521,614,1791,2441,411,2282,815,1855
815,1855,1541,953,3158,481,1521,614,1791,2441,411,2282
815,1855,1541,953,3158,481,1521,614,1791,2441,411,2282
221,164,173,136,28,365,34,134,49,147,251,121
221,164,173,136,28,365,34,134,49,147,251,121
251,121,221,164,173,136,28,365,34,134,49,147
251,121,221,164,173,136,28,365,34,134,49,147
106,241,83,275,527,28,406,61,350,366,69,514
106,241,83,275,527,28,406,61,350,366,69,514
69,514,106,241,83,275,527,28,406,61,350,366
69,514,106,241,83,275,527,28,406,61,350,366
727,123,373,146,276,661,66,383,88,459,373,102
727,123,373,146,276,661,66,383,88,459,373,102
373,102,727,123,373,146,276,661,66,383,88,459
373,102,727,123,373,146,276,661,66,383,88,459
2292,614,2112,4211,435,2793,1015,2734,2216,996,4335,932
2292,614,2112,4211,435,2793,1015,2734,2216,996,4335,932
4335,932,2292,614,2112,4211,435,2793,1015,2734,2216,996
4335,932,2292,614,2112,4211,435,2793,1015,2734,2216,996
824,309,1154,670,599,783,233,1245,485,1059,1000,427
824,309,1154,670,599,783,233,1245,485,1059,1000,427
1000,427,824,309,1154,670,599,783,233,1245,485,1059
1000,427,824,309,1154,670,599,783,233,1245,485,1059
13,74,26,0,22,20,69,38,20,29,20,21
13,74,26,0,22,20,69,38,20,29,20,21
20,21,13,74,26,0,22,20,69,38,20,29
20,21,13,74,26,0,22,20,69,38,20,29
1,89,203,4,129,12,176,159,8,151,11,136
1,89,203,4,129,12,176,159,8,151,11,136
11,136,1,89,203,4,129,12,176,159,8,151
11,136,1,89,203,4,129,12,176,159,8,151
14,38,6,54,103,0,52,11,39,37,14,100
14,38,6,54,103,0,52,11,39,37,14,100
14,100,14,38,6,54,103,0,52,11,39,37
14,100,14,38,6,54,103,0,52,11,39,37
920,274,1276,579,338,1367,74,642,77,618,1366,133
920,274,1276,579,338,1367,74,642,77,618,1366,133
1366,133,920,274,1276,579,338,1367,74,642,77,618
1366,133,920,274,1276,579,338,1367,74,642,77,618
250,47,211,49,188,56,114,145,20,249,4,297
250,47,211,49,188,56,114,145,20,249,4,297
4,297,250,47,211,49,188,56,114,145,20,249
4,297,250,47,211,49,188,56,114,145,20,249
841,477,235,600,2865,201,1437,500,952,1371,224,3150
841,477,235,600,2865,201,1437,500,952,1371,224,3150
224,3150,841,477,235,600,2865,201,1437,500,952,1371
224,3150,841,477,235,600,2865,201,1437,500,952,1371
23,0,16,0,37,17,0,19,6,23,0,14
23,0,16,0,37,17,0,19,6,23,0,14
0,14,23,0,16,0,37,17,0,19,6,23
0,14,23,0,16,0,37,17,0,19,6,23
364,2,106,33,84,385,4,136,0,206,214,13
364,2,106,33,84,385,4,136,0,206,214,13
214,13,364,2,106,33,84,385,4,136,0,206
214,13,364,2,106,33,84,385,4,136,0,206
354,31,215,10,281,134,30,294,12,233,7,173
354,31,215,10,281,134,30,294,12,233,7,173
7,173,354,31,215,10,281,134,30,294,12,233
7,173,354,31,215,10,281,134,30,294,12,233
1819,327,1985,465,1093,542,816,2122,204,1466,397,1271
1819,327,1985,465,1093,542,816,2122,204,1466,397,1271
397,1271,1819,327,1985,465,1093,542,816,2122,204,1466
397,1271,1819,327,1985,465,1093,542,816,2122,204,1466
136,0,56,0,131,22,0,19,14,26,0,56
136,0,56,0,131,22,0,19,14,26,0,56
0,56,136,0,56,0,131,22,0,19,14,26
0,56,136,0,56,0,131,22,0,19,14,26
1255,108,794,583,275,653,217,1182,349,455,230,619
1255,108,794,583,275,653,217,1182,349,455,230,619
230,619,1255,108,794,583,275,653,217,1182,349,455
230,619,1255,108,794,583,275,653,217,1182,349,455
1768,377,884,811,420,1069,311,2066,800,454,991,516
1768,377,884,811,420,1069,311,2066,800,454,991,516
991,516,1768,377,884,811,420,1069,311,2066,800,454
991,516,1768,377,884,811,420,1069,311,2066,800,454
221,164,173,136,28,365,34,134,49,147,251,121
221,164,173,136,28,365,34,134,49,147,251,121
251,121,221,164,173,136,28,365,34,134,49,147
251,121,221,164,173,136,28,365,34,134,49,147
2215,239,1467,1148,738,1444,358,2719,1050,384,553,964
2215,239,1467,1148,738,1444,358,2719,1050,384,553,964
553,964,2215,239,1467,1148,738,1444,358,2719,1050,384
553,964,2215,239,1467,1148,738,1444,358,2719,1050,384
4749,131,2737,272,3507,1971,573,4986,295,1490,204,1990
4749,131,2737,272,3507,1971,573,4986,295,1490,204,1990
204,1990,4749,131,2737,272,3507,1971,573,4986,295,1490
204,1990,4749,131,2737,272,3507,1971,573,4986,295,1490
2,0,9,25,0,20,0,26,14,1,44,0
2,0,9,25,0,20,0,26,14,1,44,0
44,0,2,0,9,25,0,20,0,26,14,1
44,0,2,0,9,25,0,20,0,26,14,1
1825,145,1056,385,872,706,328,1628,244,571,249,799
1825,145,1056,385,872,706,328,1628,244,571,249,799
249,799,1825,145,1056,385,872,706,328,1628,244,571
249,799,1825,145,1056,385,872,706,328,1628,244,571
40,19,91,1,35,1,35,60,0,51,1,54
40,19,91,1,35,1,35,60,0,51,1,54
1,54,40,19,91,1,35,1,35,60,0,51
1,54,40,19,91,1,35,1,35,60,0,51
76,175,162,63,389,34,137,53,138,316,24,299
76,175,162,63,389,34,137,53,138,316,24,299
24,299,76,175,162,63,389,34,137,53,138,316
24,299,76,175,162,63,389,34,137,53,138,316
1279,561,1125,3027,762,1624,672,2018,1608,465,3362,1113
1279,561,1125,3027,762,1624,672,2018,1608,465,3362,1113
3362,1113,1279,561,1125,3027,762,1624,672,2018,1608,465
3362,1113,1279,561,1125,3027,762,1624,672,2018,1608,465
52,111,159,9,223,21,71,78,83,169,4,148
52,111,159,9,223,21,71,78,83,169,4,148
4,148,52,111,159,9,223,21,71,78,83,169
4,148,52,111,159,9,223,21,71,78,83,169
511,351,208,1114,80,419,54,441,899,46,731,96
511,351,208,1114,80,419,54,441,899,46,731,96
731,96,511,351,208,1114,80,419,54,441,899,46
731,96,511,351,208,1114,80,419,54,441,899,46
415,82,319,144,223,226,88,500,129,149,117,205
415,82,319,144,223,226,88,500,129,149,117,205
117,205,415,82,319,144,223,226,88,500,129,149
117,205,415,82,319,144,223,226,88,500,129,149
274,14,195,133,547,103,6,113,71,438,67,180
274,14,195,133,547,103,6,113,71,438,67,180
67,180,274,14,195,133,547,103,6,113,71,438
67,180,274,14,195,133,547,103,6,113,71,438
886,317,1181,706,603,845,235,1337,527,1062,1054,426
886,317,1181,706,603,845,235,1337,527,1062,1054,426
1054,426,886,317,1181,706,603,845,235,1337,527,1062
1054,426,886,317,1181,706,603,845,235,1337,527,1062
38,0,24,126,0,68,0,78,66,0,118,0
38,0,24,126,0,68,0,78,66,0,118,0
118,0,38,0,24,126,0,68,0,78,66,0
118,0,38,0,24,126,0,68,0,78,66,0
1437,286,1089,2789,456,1625,112,1832,1466,376,3295,560
1437,286,1089,2789,456,1625,112,1832,1466,376,3295,560
3295,560,1437,286,1089,2789,456,1625,112,1832,1466,376
3295,560,1437,286,1089,2789,456,1625,112,1832,1466,376
36,1,27,45,4,33,15,28,42,11,59,5
36,1,27,45,4,33,15,28,42,11,59,5
59,5,36,1,27,45,4,33,15,28,42,11
59,5,36,1,27,45,4,33,15,28,42,11
1186,65,1747,3082,116,2337,164,2636,1036,386,3949,66
1186,65,1747,3082,116,2337,164,2636,1036,386,3949,66
3949,66,1186,65,1747,3082,116,2337,164,2636,1036,386
3949,66,1186,65,1747,3082,116,2337,164,2636,1036,386
2335,511,2158,4859,380,2865,923,2981,2307,1037,4853,838
2335,511,2158,4859,380,2865,923,2981,2307,1037,4853,838
4853,838,2335,511,2158,4859,380,2865,923,2981,2307,1037
4853,838,2335,511,2158,4859,380,2865,923,2981,2307,1037
235,10,118,0,42,234,30,92,1,173,57,27
235,10,118,0,42,234,30,92,1,173,57,27
57,27,235,10,118,0,42,234,30,92,1,173
57,27,235,10,118,0,42,234,30,92,1,173
3023,243,2300,524,1699,1112,613,3255,351,1179,507,1288
3023,243,2300,524,1699,1112,613,3255,351,1179,507,1288
507,1288,3023,243,2300,524,1699,1112,613,3255,351,1179
507,1288,3023,243,2300,524,1699,1112,613,3255,351,1179
229,82,76,212,23,85,36,208,133,61,146,51
229,82,76,212,23,85,36,208,133,61,146,51
146,51,229,82,76,212,23,85,36,208,133,61
146,51,229,82,76,212,23,85,36,208,133,61
3667,654,2494,727,2477,1792,754,4102,573,1474,885,2164
3667,654,2494,727,2477,1792,754,4102,573,1474,885,2164
885,2164,3667,654,2494,727,2477,1792,754,4102,573,1474
885,2164,3667,654,2494,727,2477,1792,754,4102,573,1474
2737,1114,251,738,748,2413,305,1432,1092,839,1162,135
2737,1114,251,738,748,2413,305,1432,1092,839,1162,135
1162,135,2737,1114,251,738,748,2413,305,1432,1092,839
1162,135,2737,1114,251,738,748,2413,305,1432,1092,839
649,71,229,53,328,434,61,409,101,357,293,72
649,71,229,53,328,434,61,409,101,357,293,72
293,72,649,71,229,53,328,434,61,409,101,357
293,72,649,71,229,53,328,434,61,409,101,357
2389,186,2061,257,1745,1195,395,2847,283,1057,266,1428
2389,186,2061,257,1745,1195,395,2847,283,1057,266,1428
266,1428,2389,186,2061,257,1745,1195,395,2847,283,1057
266,1428,2389,186,2061,257,1745,1195,395,2847,283,1057
0,35,89,0,38,0,22,18,13,92,0,50
0,35,89,0,38,0,22,18,13,92,0,50
0,50,0,35,89,0,38,0,22,18,13,92
0,50,0,35,89,0,38,0,22,18,13,92
443,312,308,348,111,725,123,166,181,238,528,72
443,312,308,348,111,725,123,166,181,238,528,72
528,72,443,312,308,348,111,725,123,166,181,238
528,72,443,312,308,348,111,725,123,166,181,238
75,7,173,351,12,240,28,250,156,45,405,6
75,7,173,351,12,240,28,250,156,45,405,6
405,6,75,7,173,351,12,240,28,250,156,45
405,6,75,7,173,351,12,240,28,250,156,45
460,7,342,17,315,226,64,427,22,208,8,273
460,7,342,17,315,226,64,427,22,208,8,273
8,273,460,7,342,17,315,226,64,427,22,208
8,273,460,7,342,17,315,226,64,427,22,208
128,6,75,61,264,50,4,53,34,217,36,89
128,6,75,61,264,50,4,53,34,217,36,89
36,89,128,6,75,61,264,50,4,53,34,217
36,89,128,6,75,61,264,50,4,53,34,217
21,124,116,38,282,13,69,7,116,230,2,164
21,124,116,38,282,13,69,7,116,230,2,164
2,164,21,124,116,38,282,13,69,7,116,230
2,164,21,124,116,38,282,13,69,7,116,230
2851,386,2012,2314,654,1838,603,2689,1179,647,1396,935
2851,386,2012,2314,654,1838,603,2689,1179,647,1396,935
1396,935,2851,386,2012,2314,654,1838,603,2689,1179,647
1396,935,2851,386,2012,2314,654,1838,603,2689,1179,647
330,73,282,710,37,391,74,420,302,181,657,99
330,73,282,710,37,391,74,420,302,181,657,99
657,99,330,73,282,710,37,391,74,420,302,181
657,99,330,73,282,710,37,391,74,420,302,181
254,975,124,754,517,107,376,279,1369,375,215,407
254,975,124,754,517,107,376,279,1369,375,215,407
215,407,254,975,124,754,517,107,376,279,1369,375
215,407,254,975,124,754,517,107,376,279,1369,375
21,115,101,33,260,12,69,6,109,216,1,147
21,115,101,33,260,12,69,6,109,216,1,147
1,147,21,115,101,33,260,12,69,6,109,216
1,147,21,115,101,33,260,12,69,6,109,216
52,0,72,304,0,186,32,224,124,28,328,32
52,0,72,304,0,186,32,224,124,28,328,32
328,32,52,0,72,304,0,186,32,224,124,28
328,32,52,0,72,304,0,186,32,224,124,28
423,29,550,473,73,667,90,658,80,319,894,64
423,29,550,473,73,667,90,658,80,319,894,64
894,64,423,29,550,473,73,667,90,658,80,319
894,64,423,29,550,473,73,667,90,658,80,319
4234,606,1742,1292,2236,1550,925,3081,885,1141,569,1817
4234,606,1742,1292,2236,1550,925,3081,885,1141,569,1817
569,1817,4234,606,1742,1292,2236,1550,925,3081,885,1141
569,1817,4234,606,1742,1292,2236,1550,925,3081,885,1141
78,1,36,3,39,39,23,115,5,24,7,17
78,1,36,3,39,39,23,115,5,24,7,17
7,17,78,1,36,3,39,39,23,115,5,24
7,17,78,1,36,3,39,39,23,115,5,24
27,0,24,0,19,20,2,25,5,11,0,23
27,0,24,0,19,20,2,25,5,11,0,23
0,23,27,0,24,0,19,20,2,25,5,11
0,23,27,0,24,0,19,20,2,25,5,11
1933,464,1470,1101,651,2369,263,1083,304,1211,2181,357
1933,464,1470,1101,651,2369,263,1083,304,1211,2181,357
2181,357,1933,464,1470,1101,651,2369,263,1083,304,1211
2181,357,1933,464,1470,1101,651,2369,263,1083,304,1211
2695,98,1899,443,1242,1497,357,2421,273,927,310,835
2695,98,1899,443,1242,1497,357,2421,273,927,310,835
310,835,2695,98,1899,443,1242,1497,357,2421,273,927
310,835,2695,98,1899,443,1242,1497,357,2421,273,927
4,26,76,0,44,0,66,28,6,70,0,20
4,26,76,0,44,0,66,28,6,70,0,20
0,20,4,26,76,0,44,0,66,28,6,70
0,20,4,26,76,0,44,0,66,28,6,70
84,4,51,49,63,50,8,123,7,22,45,43
84,4,51,49,63,50,8,123,7,22,45,43
45,43,84,4,51,49,63,50,8,123,7,22
45,43,84,4,51,49,63,50,8,123,7,22
510,69,392,97,357,433,46,488,40,389,272,165
510,69,392,97,357,433,46,488,40,389,272,165
272,165,510,69,392,97,357,433,46,488,40,389
272,165,510,69,392,97,357,433,46,488,40,389
544,77,279,170,575,448,356,445,236,643,217,195
544,77,279,170,575,448,356,445,236,643,217,195
217,195,544,77,279,170,575,448,356,445,236,643
217,195,544,77,279,170,575,448,356,445,236,643
594,156,559,688,121,792,253,815,370,251,1005,120
594,156,559,688,121,792,253,815,370,251,1005,120
1005,120,594,156,559,688,121,792,253,815,370,251
1005,120,594,156,559,688,121,792,253,815,370,251
375,48,279,458,37,450,80,354,249,138,646,107
375,48,279,458,37,450,80,354,249,138,646,107
646,107,375,48,279,458,37,450,80,354,249,138
646,107,375,48,279,458,37,450,80,354,249,138
431,25,547,493,88,676,88,575,81,291,934,72
431,25,547,493,88,676,88,575,81,291,934,72
934,72,431,25,547,493,88,676,88,575,81,291
934,72,431,25,547,493,88,676,88,575,81,291
577,182,730,561,329,349,613,843,319,277,588,849
577,182,730,561,329,349,613,843,319,277,588,849
588,849,577,182,730,561,329,349,613,843,319,277
588,849,577,182,730,561,329,349,613,843,319,277
420,174,736,127,359,176,408,755,75,534,166,416
420,174,736,127,359,176,408,755,75,534,166,416
166,416,420,174,736,127,359,176,408,755,75,534
166,416,420,174,736,127,359,176,408,755,75,534
262,98,528,36,196,20,200,456,45,296,39,338
262,98,528,36,196,20,200,456,45,296,39,338
39,338,262,98,528,36,196,20,200,456,45,296
39,338,262,98,528,36,196,20,200,456,45,296
729,192,963,289,527,337,320,886,198,782,251,433
729,192,963,289,527,337,320,886,198,782,251,433
251,433,729,192,963,289,527,337,320,886,198,782
251,433,729,192,963,289,527,337,320,886,198,782
9,0,12,8,4,3,7,15,1,15,13,2
9,0,12,8,4,3,7,15,1,15,13,2
13,2,9,0,12,8,4,3,7,15,1,15
13,2,9,0,12,8,4,3,7,15,1,15
44,69,71,3,155,16,15,0,52,103,3,79
44,69,71,3,155,16,15,0,52,103,3,79
3,79,44,69,71,3,155,16,15,0,52,103
3,79,44,69,71,3,155,16,15,0,52,103
52,6,66,6,36,2,30,42,6,52,0,52
52,6,66,6,36,2,30,42,6,52,0,52
0,52,52,6,66,6,36,2,30,42,6,52
0,52,52,6,66,6,36,2,30,42,6,52
21,124,117,38,283,13,69,7,116,230,2,165
21,124,117,38,283,13,69,7,116,230,2,165
2,165,21,124,117,38,283,13,69,7,116,230
2,165,21,124,117,38,283,13,69,7,116,230
201,164,154,107,26,338,27,124,49,129,244,117
201,164,154,107,26,338,27,124,49,129,244,117
244,117,201,164,154,107,26,338,27,124,49,129
244,117,201,164,154,107,26,338,27,124,49,129
427,13,239,21,235,249,46,448,24,242,147,151
427,13,239,21,235,249,46,448,24,242,147,151
147,151,427,13,239,21,235,249,46,448,24,242
147,151,427,13,239,21,235,249,46,448,24,242
269,153,256,464,54,387,149,277,340,86,482,132
269,153,256,464,54,387,149,277,340,86,482,132
482,132,269,153,256,464,54,387,149,277,340,86
482,132,269,153,256,464,54,387,149,277,340,86
0,25,17,0,15,0,5,0,15,26,0,26
0,25,17,0,15,0,5,0,15,26,0,26
0,26,0,25,17,0,15,0,5,0,15,26
0,26,0,25,17,0,15,0,5,0,15,26
391,68,270,32,219,457,18,307,10,339,202,70
391,68,270,32,219,457,18,307,10,339,202,70
202,70,391,68,270,32,219,457,18,307,10,339
202,70,391,68,270,32,219,457,18,307,10,339
567,45,294,68,269,358,72,550,76,273,128,217
567,45,294,68,269,358,72,550,76,273,128,217
128,217,567,45,294,68,269,358,72,550,76,273
128,217,567,45,294,68,269,358,72,550,76,273
8,38,20,2,25,0,17,0,23,50,4,26
8,38,20,2,25,0,17,0,23,50,4,26
4,26,8,38,20,2,25,0,17,0,23,50
4,26,8,38,20,2,25,0,17,0,23,50
36,17,25,39,7,44,22,23,29,16,29,7
36,17,25,39,7,44,22,23,29,16,29,7
29,7,36,17,25,39,7,44,22,23,29,16
29,7,36,17,25,39,7,44,22,23,29,16
269,153,256,464,54,387,149,277,340,86,482,132
269,153,256,464,54,387,149,277,340,86,482,132
482,132,269,153,256,464,54,387,149,277,340,86
482,132,269,153,256,464,54,387,149,277,340,86
354,31,215,10,281,134,30,294,12,233,7,173
354,31,215,10,281,134,30,294,12,233,7,173
7,173,354,31,215,10,281,134,30,294,12,233
7,173,354,31,215,10,281,134,30,294,12,233
235,10,118,0,42,234,30,92,1,173,57,27
235,10,118,0,42,234,30,92,1,173,57,27
57,27,235,10,118,0,42,234,30,92,1,173
57,27,235,10,118,0,42,234,30,92,1,173
516,191,922,184,505,177,421,912,153,639,250,574
516,191,922,184,505,177,421,912,153,639,250,574
250,574,516,191,922,184,505,177,421,912,153,639
250,574,516,191,922,184,505,177,421,912,153,639
5,57,41,24,45,4,95,29,22,20,33,92
5,57,41,24,45,4,95,29,22,20,33,92
33,92,5,57,41,24,45,4,95,29,22,20
33,92,5,57,41,24,45,4,95,29,22,20
291,59,220,20,172,353,12,239,8,267,153,55
291,59,220,20,172,353,12,239,8,267,153,55
153,55,291,59,220,20,172,353,12,239,8,267
153,55,291,59,220,20,172,353,12,239,8,267
6,0,4,57,0,29,0,46,10,2,57,0
6,0,4,57,0,29,0,46,10,2,57,0
57,0,6,0,4,57,0,29,0,46,10,2
57,0,6,0,4,57,0,29,0,46,10,2
131,52,63,116,28,140,27,89,98,21,103,23
131,52,63,116,28,140,27,89,98,21,103,23
103,23,131,52,63,116,28,140,27,89,98,21
103,23,131,52,63,116,28,140,27,89,98,21
158,42,104,358,4,148,0,158,166,44,308,4
158,42,104,358,4,148,0,158,166,44,308,4
308,4,158,42,104,358,4,148,0,158,166,44
308,4,158,42,104,358,4,148,0,158,166,44
54,0,28,0,38,6,2,74,0,12,0,34
54,0,28,0,38,6,2,74,0,12,0,34
0,34,54,0,28,0,38,6,2,74,0,12
0,34,54,0,28,0,38,6,2,74,0,12
56,176,19,80,125,17,144,37,201,91,9,98
56,176,19,80,125,17,144,37,201,91,9,98
9,98,56,176,19,80,125,17,144,37,201,91
9,98,56,176,19,80,125,17,144,37,201,91
0,144,80,0,150,0,0,0,36,88,60,132
0,144,80,0,150,0,0,0,36,88,60,132
60,132,0,144,80,0,150,0,0,0,36,88
60,132,0,144,80,0,150,0,0,0,36,88
89,23,101,8,84,60,11,86,23,79,4,62
89,23,101,8,84,60,11,86,23,79,4,62
4,62,89,23,101,8,84,60,11,86,23,79
4,62,89,23,101,8,84,60,11,86,23,79
649,71,229,53,328,434,61,409,101,357,293,72
649,71,229,53,328,434,61,409,101,357,293,72
293,72,649,71,229,53,328,434,61,409,101,357
293,72,649,71,229,53,328,434,61,409,101,357
92,0,110,259,0,120,2,223,114,4,289,0
92,0,110,259,0,120,2,223,114,4,289,0
289,0,92,0,110,259,0,120,2,223,114,4
289,0,92,0,110,259,0,120,2,223,114,4
569,130,487,184,653,387,133,847,107,338,67,362
569,130,487,184,653,387,133,847,107,338,67,362
67,362,569,130,487,184,653,387,133,847,107,338
67,362,569,130,487,184,653,387,133,847,107,338
70,164,2,108,7,116,107,27,160,0,79,18
70,164,2,108,7,116,107,27,160,0,79,18
79,18,70,164,2,108,7,116,107,27,160,0
79,18,70,164,2,108,7,116,107,27,160,0
83,188,14,119,34,170,110,13,198,24,89,22
83,188,14,119,34,170,110,13,198,24,89,22
89,22,83,188,14,119,34,170,110,13,198,24
89,22,83,188,14,119,34,170,110,13,198,24
136,2,70,46,42,58,10,180,16,22,12,48
136,2,70,46,42,58,10,180,16,22,12,48
12,48,136,2,70,46,42,58,10,180,16,22
12,48,136,2,70,46,42,58,10,180,16,22
1,89,203,4,129,12,176,159,8,151,11,136
1,89,203,4,129,12,176,159,8,151,11,136
11,136,1,89,203,4,129,12,176,159,8,151
11,136,1,89,203,4,129,12,176,159,8,151
433,82,315,153,225,229,88,538,131,151,126,194
433,82,315,153,225,229,88,538,131,151,126,194
126,194,433,82,315,153,225,229,88,538,131,151
126,194,433,82,315,153,225,229,88,538,131,151
151,16,195,49,104,78,42,312,70,44,30,93
151,16,195,49,104,78,42,312,70,44,30,93
30,93,151,16,195,49,104,78,42,312,70,44
30,93,151,16,195,49,104,78,42,312,70,44
948,171,505,149,497,757,159,842,197,586,452,221
948,171,505,149,497,757,159,842,197,586,452,221
452,221,948,171,505,149,497,757,159,842,197,586
452,221,948,171,505,149,497,757,159,842,197,586
804,62,423,65,485,401,36,703,70,271,73,272
804,62,423,65,485,401,36,703,70,271,73,272
73,272,804,62,423,65,485,401,36,703,70,271
73,272,804,62,423,65,485,401,36,703,70,271
218,211,468,62,344,374,142,412,89,551,230,109
218,211,468,62,344,374,142,412,89,551,230,109
230,109,218,211,468,62,344,374,142,412,89,551
230,109,218,211,468,62,344,374,142,412,89,551
482,124,553,239,356,306,190,654,116,432,306,334
482,124,553,239,356,306,190,654,116,432,306,334
306,334,482,124,553,239,356,306,190,654,116,432
306,334,482,124,553,239,356,306,190,654,116,432
386,245,627,162,492,46,430,431,178,492,48,548
386,245,627,162,492,46,430,431,178,492,48,548
48,548,386,245,627,162,492,46,430,431,178,492
48,548,386,245,627,162,492,46,430,431,178,492
288,216,250,208,200,250,168,283,204,211,206,181
288,216,250,208,200,250,168,283,204,211,206,181
206,181,288,216,250,208,200,250,168,283,204,211
206,181,288,216,250,208,200,250,168,283,204,211
1160,1296,3075,396,3028,1051,1522,1793,492,3719,629,1520
1160,1296,3075,396,3028,1051,1522,1793,492,3719,629,1520
629,1520,1160,1296,3075,396,3028,1051,1522,1793,492,3719
629,1520,1160,1296,3075,396,3028,1051,1522,1793,492,3719
177,581,220,457,566,268,687,306,245,277,476,549
177,581,220,457,566,268,687,306,245,277,476,549
476,549,177,581,220,457,566,268,687,306,245,277
476,549,177,581,220,457,566,268,687,306,245,277
537,198,689,300,386,175,409,757,219,413,259,639
537,198,689,300,386,175,409,757,219,413,259,639
259,639,537,198,689,300,386,175,409,757,219,413
259,639,537,198,689,300,386,175,409,757,219,413
460,7,342,17,315,226,64,427,22,208,8,273
460,7,342,17,315,226,64,427,22,208,8,273
8,273,460,7,342,17,315,226,64,427,22,208
8,273,460,7,342,17,315,226,64,427,22,208
1156,595,518,187,687,800,165,662,265,770,603,188
1156,595,518,187,687,800,165,662,265,770,603,188
603,188,1156,595,518,187,687,800,165,662,265,770
603,188,1156,595,518,187,687,800,165,662,265,770
281,248,689,144,448,141,464,542,92,625,147,533
281,248,689,144,448,141,464,542,92,625,147,533
147,533,281,248,689,144,448,141,464,542,92,625
147,533,281,248,689,144,448,141,464,542,92,625
578,14,509,358,152,424,140,699,188,219,220,291
578,14,509,358,152,424,140,699,188,219,220,291
220,291,578,14,509,358,152,424,140,699,188,219
220,291,578,14,509,358,152,424,140,699,188,219
829,114,725,177,845,501,98,1064,210,529,151,608
829,114,725,177,845,501,98,1064,210,529,151,608
151,608,829,114,725,177,845,501,98,1064,210,529
151,608,829,114,725,177,845,501,98,1064,210,529
75,7,173,351,12,240,28,250,156,45,405,6
75,7,173,351,12,240,28,250,156,45,405,6
405,6,75,7,173,351,12,240,28,250,156,45
405,6,75,7,173,351,12,240,28,250,156,45
389,822,3228,226,1385,222,1747,1370,214,2346,356,877
389,822,3228,226,1385,222,1747,1370,214,2346,356,877
356,877,389,822,3228,226,1385,222,1747,1370,214,2346
356,877,389,822,3228,226,1385,222,1747,1370,214,2346
1013,305,579,180,684,806,167,940,175,545,461,389
1013,305,579,180,684,806,167,940,175,545,461,389
461,389,1013,305,579,180,684,806,167,940,175,545
461,389,1013,305,579,180,684,806,167,940,175,545
716,292,108,326,202,544,60,386,360,44,342,96
716,292,108,326,202,544,60,386,360,44,342,96
342,96,716,292,108,326,202,544,60,386,360,44
342,96,716,292,108,326,202,544,60,386,360,44
21,115,101,33,260,12,69,6,109,216,1,147
21,115,101,33,260,12,69,6,109,216,1,147
1,147,21,115,101,33,260,12,69,6,109,216
1,147,21,115,101,33,260,12,69,6,109,216
124,17,248,0,93,10,97,251,0,146,2,172
124,17,248,0,93,10,97,251,0,146,2,172
2,172,124,17,248,0,93,10,97,251,0,146
2,172,124,17,248,0,93,10,97,251,0,146
648,284,307,557,149,592,133,631,514,127,297,242
648,284,307,557,149,592,133,631,514,127,297,242
297,242,648,284,307,557,149,592,133,631,514,127
297,242,648,284,307,557,149,592,133,631,514,127
375,91,459,90,297,119,271,625,25,253,38,429
375,91,459,90,297,119,271,625,25,253,38,429
38,429,375,91,459,90,297,119,271,625,25,253
38,429,375,91,459,90,297,119,271,625,25,253
607,54,307,77,278,391,84,553,89,260,143,220
607,54,307,77,278,391,84,553,89,260,143,220
143,220,607,54,307,77,278,391,84,553,89,260
143,220,607,54,307,77,278,391,84,553,89,260
845,344,925,291,684,272,503,939,302,653,172,768
845,344,925,291,684,272,503,939,302,653,172,768
172,768,845,344,925,291,684,272,503,939,302,653
172,768,845,344,925,291,684,272,503,939,302,653
633,126,267,137,338,493,73,409,152,376,249,140
633,126,267,137,338,493,73,409,152,376,249,140
249,140,633,126,267,137,338,493,73,409,152,376
249,140,633,126,267,137,338,493,73,409,152,376
35,121,139,16,235,23,95,59,78,232,6,93
35,121,139,16,235,23,95,59,78,232,6,93
6,93,35,121,139,16,235,23,95,59,78,232
6,93,35,121,139,16,235,23,95,59,78,232
302,17,135,46,159,103,38,164,49,122,24,148
302,17,135,46,159,103,38,164,49,122,24,148
24,148,302,17,135,46,159,103,38,164,49,122
24,148,302,17,135,46,159,103,38,164,49,122
21,154,5,98,26,72,172,13,118,2,122,78
21,154,5,98,26,72,172,13,118,2,122,78
122,78,21,154,5,98,26,72,172,13,118,2
122,78,21,154,5,98,26,72,172,13,118,2
321,91,154,60,89,283,108,209,84,147,86,90
321,91,154,60,89,283,108,209,84,147,86,90
86,90,321,91,154,60,89,283,108,209,84,147
86,90,321,91,154,60,89,283,108,209,84,147
20,9,44,23,45,14,24,35,5,49,8,44
20,9,44,23,45,14,24,35,5,49,8,44
8,44,20,9,44,23,45,14,24,35,5,49
8,44,20,9,44,23,45,14,24,35,5,49
2,22,23,2,32,0,11,0,11,28,4,15
2,22,23,2,32,0,11,0,11,28,4,15
4,15,2,22,23,2,32,0,11,0,11,28
4,15,2,22,23,2,32,0,11,0,11,28
13,147,77,20,37,43,157,9,141,109,3,106
13,147,77,20,37,43,157,9,141,109,3,106
3,106,13,147,77,20,37,43,157,9,141,109
3,106,13,147,77,20,37,43,157,9,141,109
86,49,18,30,25,80,21,62,47,19,50,22
86,49,18,30,25,80,21,62,47,19,50,22
50,22,86,49,18,30,25,80,21,62,47,19
50,22,86,49,18,30,25,80,21,62,47,19
1806,1064,1219,1338,3820,689,2388,2216,1050,2091,755,3776
1806,1064,1219,1338,3820,689,2388,2216,1050,2091,755,3776
755,3776,1806,1064,1219,1338,3820,689,2388,2216,1050,2091
755,3776,1806,1064,1219,1338,3820,689,2388,2216,1050,2091
167,22,238,185,20,136,38,201,48,139,221,20
167,22,238,185,20,136,38,201,48,139,221,20
221,20,167,22,238,185,20,136,38,201,48,139
221,20,167,22,238,185,20,136,38,201,48,139
425,55,279,264,115,271,54,462,265,79,107,122
425,55,279,264,115,271,54,462,265,79,107,122
107,122,425,55,279,264,115,271,54,462,265,79
107,122,425,55,279,264,115,271,54,462,265,79
67,74,50,54,184,17,151,97,41,65,32,282
67,74,50,54,184,17,151,97,41,65,32,282
32,282,67,74,50,54,184,17,151,97,41,65
32,282,67,74,50,54,184,17,151,97,41,65
255,542,74,445,241,212,361,169,605,241,187,157
255,542,74,445,241,212,361,169,605,241,187,157
187,157,255,542,74,445,241,212,361,169,605,241
187,157,255,542,74,445,241,212,361,169,605,241
72,337,127,204,196,160,349,195,154,100,201,359
72,337,127,204,196,160,349,195,154,100,201,359
201,359,72,337,127,204,196,160,349,195,154,100
201,359,72,337,127,204,196,160,349,195,154,100
442,156,693,487,249,301,265,603,301,378,665,159
442,156,693,487,249,301,265,603,301,378,665,159
665,159,442,156,693,487,249,301,265,603,301,378
665,159,442,156,693,487,249,301,265,603,301,378
17,338,6,185,7,46,289,6,273,5,218,50
17,338,6,185,7,46,289,6,273,5,218,50
218,50,17,338,6,185,7,46,289,6,273,5
218,50,17,338,6,185,7,46,289,6,273,5
347,112,232,166,488,258,115,259,190,356,127,307
347,112,232,166,488,258,115,259,190,356,127,307
127,307,347,112,232,166,488,258,115,259,190,356
127,307,347,112,232,166,488,258,115,259,190,356
121,143,32,153,66,171,124,22,67,76,130,26
121,143,32,153,66,171,124,22,67,76,130,26
130,26,121,143,32,153,66,171,124,22,67,76
130,26,121,143,32,153,66,171,124,22,67,76
111,129,29,149,60,156,112,22,64,67,118,27
111,129,29,149,60,156,112,22,64,67,118,27
118,27,111,129,29,149,60,156,112,22,64,67
118,27,111,129,29,149,60,156,112,22,64,67
121,24,89,280,39,157,10,197,87,49,176,60
121,24,89,280,39,157,10,197,87,49,176,60
176,60,121,24,89,280,39,157,10,197,87,49
176,60,121,24,89,280,39,157,10,197,87,49
99,351,77,87,95,71,120,50,345,148,25,76
99,351,77,87,95,71,120,50,345,148,25,76
25,76,99,351,77,87,95,71,120,50,345,148
25,76,99,351,77,87,95,71,120,50,345,148
194,171,216,121,204,172,165,165,144,194,133,219
194,171,216,121,204,172,165,165,144,194,133,219
133,219,194,171,216,121,204,172,165,165,144,194
133,219,194,171,216,121,204,172,165,165,144,194
66,161,3,143,57,97,59,4,623,7,51,63
66,161,3,143,57,97,59,4,623,7,51,63
51,63,66,161,3,143,57,97,59,4,623,7
51,63,66,161,3,143,57,97,59,4,623,7
334,80,222,211,45,181,48,298,135,31,97,94
334,80,222,211,45,181,48,298,135,31,97,94
97,94,334,80,222,211,45,181,48,298,135,31
97,94,334,80,222,211,45,181,48,298,135,31
472,516,242,487,228,646,394,327,456,317,551,160
472,516,242,487,228,646,394,327,456,317,551,160
551,160,472,516,242,487,228,646,394,327,456,317
551,160,472,516,242,487,228,646,394,327,456,317
355,100,235,160,521,266,113,252,197,383,124,321
355,100,235,160,521,266,113,252,197,383,124,321
124,321,355,100,235,160,521,266,113,252,197,383
124,321,355,100,235,160,521,266,113,252,197,383
47,273,133,100,76,116,203,45,155,140,104,154
47,273,133,100,76,116,203,45,155,140,104,154
104,154,47,273,133,100,76,116,203,45,155,140
104,154,47,273,133,100,76,116,203,45,155,140
132,673,127,457,92,417,567,71,419,209,435,370
132,673,127,457,92,417,567,71,419,209,435,370
435,370,132,673,127,457,92,417,567,71,419,209
435,370,132,673,127,457,92,417,567,71,419,209
89,44,51,45,208,4,45,28,48,130,0,44
89,44,51,45,208,4,45,28,48,130,0,44
0,44,89,44,51,45,208,4,45,28,48,130
0,44,89,44,51,45,208,4,45,28,48,130
41,9,69,21,57,2,35,42,0,33,6,70
41,9,69,21,57,2,35,42,0,33,6,70
6,70,41,9,69,21,57,2,35,42,0,33
6,70,41,9,69,21,57,2,35,42,0,33
131,51,102,195,60,130,67,146,175,54,238,73
131,51,102,195,60,130,67,146,175,54,238,73
238,73,131,51,102,195,60,130,67,146,175,54
238,73,131,51,102,195,60,130,67,146,175,54
73,151,46,156,321,26,220,43,238,165,71,372
73,151,46,156,321,26,220,43,238,165,71,372
71,372,73,151,46,156,321,26,220,43,238,165
71,372,73,151,46,156,321,26,220,43,238,165
196,29,195,140,49,115,81,195,98,38,25,52
196,29,195,140,49,115,81,195,98,38,25,52
25,52,196,29,195,140,49,115,81,195,98,38
25,52,196,29,195,140,49,115,81,195,98,38
116,78,87,169,64,87,59,183,167,75,190,107
116,78,87,169,64,87,59,183,167,75,190,107
190,107,116,78,87,169,64,87,59,183,167,75
190,107,116,78,87,169,64,87,59,183,167,75
14,338,6,185,7,46,288,6,273,5,219,53
14,338,6,185,7,46,288,6,273,5,219,53
219,53,14,338,6,185,7,46,288,6,273,5
219,53,14,338,6,185,7,46,288,6,273,5
107,22,115,12,126,61,32,115,18,61,3,51
107,22,115,12,126,61,32,115,18,61,3,51
3,51,107,22,115,12,126,61,32,115,18,61
3,51,107,22,115,12,126,61,32,115,18,61
317,118,47,98,56,228,44,144,142,76,152,35
317,118,47,98,56,228,44,144,142,76,152,35
152,35,317,118,47,98,56,228,44,144,142,76
152,35,317,118,47,98,56,228,44,144,142,76
153,60,143,78,182,104,48,74,82,195,77,122
153,60,143,78,182,104,48,74,82,195,77,122
77,122,153,60,143,78,182,104,48,74,82,195
77,122,153,60,143,78,182,104,48,74,82,195
20,27,19,32,57,12,32,28,29,27,21,67
20,27,19,32,57,12,32,28,29,27,21,67
21,67,20,27,19,32,57,12,32,28,29,27
21,67,20,27,19,32,57,12,32,28,29,27
474,329,210,547,138,276,106,394,384,130,245,111
474,329,210,547,138,276,106,394,384,130,245,111
245,111,474,329,210,547,138,276,106,394,384,130
245,111,474,329,210,547,138,276,106,394,384,130
249,162,11,89,68,136,11,133,152,19,125,51
249,162,11,89,68,136,11,133,152,19,125,51
125,51,249,162,11,89,68,136,11,133,152,19
125,51,249,162,11,89,68,136,11,133,152,19
452,94,324,193,373,382,124,235,146,487,247,255
452,94,324,193,373,382,124,235,146,487,247,255
247,255,452,94,324,193,373,382,124,235,146,487
247,255,452,94,324,193,373,382,124,235,146,487
440,404,173,632,266,440,132,376,455,143,443,268
440,404,173,632,266,440,132,376,455,143,443,268
443,268,440,404,173,632,266,440,132,376,455,143
443,268,440,404,173,632,266,440,132,376,455,143
56,0,42,0,54,14,8,0,28,58,0,52
56,0,42,0,54,14,8,0,28,58,0,52
0,52,56,0,42,0,54,14,8,0,28,58
0,52,56,0,42,0,54,14,8,0,28,58
5,51,22,15,69,5,27,6,41,87,8,37
5,51,22,15,69,5,27,6,41,87,8,37
8,37,5,51,22,15,69,5,27,6,41,87
8,37,5,51,22,15,69,5,27,6,41,87
21,197,53,95,32,77,142,22,135,46,126,106
21,197,53,95,32,77,142,22,135,46,126,106
126,106,21,197,53,95,32,77,142,22,135,46
126,106,21,197,53,95,32,77,142,22,135,46
62,8,132,1,76,10,23,134,0,124,0,102
62,8,132,1,76,10,23,134,0,124,0,102
0,102,62,8,132,1,76,10,23,134,0,124
0,102,62,8,132,1,76,10,23,134,0,124
62,209,41,191,223,46,178,50,219,136,47,172
62,209,41,191,223,46,178,50,219,136,47,172
47,172,62,209,41,191,223,46,178,50,219,136
47,172,62,209,41,191,223,46,178,50,219,136
178,491,360,356,462,265,609,353,393,369,430,473
178,491,360,356,462,265,609,353,393,369,430,473
430,473,178,491,360,356,462,265,609,353,393,369
430,473,178,491,360,356,462,265,609,353,393,369
134,45,185,29,142,172,39,119,69,246,51,73
134,45,185,29,142,172,39,119,69,246,51,73
51,73,134,45,185,29,142,172,39,119,69,246
51,73,134,45,185,29,142,172,39,119,69,246
131,54,23,178,32,124,6,103,128,6,93,18
131,54,23,178,32,124,6,103,128,6,93,18
93,18,131,54,23,178,32,124,6,103,128,6
93,18,131,54,23,178,32,124,6,103,128,6
284,343,156,733,68,543,210,347,770,48,632,162
284,343,156,733,68,543,210,347,770,48,632,162
632,162,284,343,156,733,68,543,210,347,770,48
632,162,284,343,156,733,68,543,210,347,770,48
1703,722,343,837,568,1560,366,955,1124,408,906,379
1703,722,343,837,568,1560,366,955,1124,408,906,379
906,379,1703,722,343,837,568,1560,366,955,1124,408
906,379,1703,722,343,837,568,1560,366,955,1124,408
334,263,78,250,97,182,123,154,372,108,236,132
334,263,78,250,97,182,123,154,372,108,236,132
236,132,334,263,78,250,97,182,123,154,372,108
236,132,334,263,78,250,97,182,123,154,372,108
38,78,45,183,119,34,88,70,122,46,87,184
38,78,45,183,119,34,88,70,122,46,87,184
87,184,38,78,45,183,119,34,88,70,122,46
87,184,38,78,45,183,119,34,88,70,122,46
269,365,373,361,420,182,564,446,260,230,346,570
269,365,373,361,420,182,564,446,260,230,346,570
346,570,269,365,373,361,420,182,564,446,260,230
346,570,269,365,373,361,420,182,564,446,260,230
619,81,213,226,130,287,17,520,339,27,52,127
619,81,213,226,130,287,17,520,339,27,52,127
52,127,619,81,213,226,130,287,17,520,339,27
52,127,619,81,213,226,130,287,17,520,339,27
156,364,12,166,28,348,270,36,204,26,352,0
156,364,12,166,28,348,270,36,204,26,352,0
352,0,156,364,12,166,28,348,270,36,204,26
352,0,156,364,12,166,28,348,270,36,204,26
159,61,119,238,72,143,80,178,198,54,300,87
159,61,119,238,72,143,80,178,198,54,300,87
300,87,159,61,119,238,72,143,80,178,198,54
300,87,159,61,119,238,72,143,80,178,198,54
513,446,180,706,283,476,149,410,477,175,472,306
513,446,180,706,283,476,149,410,477,175,472,306
472,306,513,446,180,706,283,476,149,410,477,175
472,306,513,446,180,706,283,476,149,410,477,175
110,298,84,229,221,92,216,104,286,142,132,163
110,298,84,229,221,92,216,104,286,142,132,163
132,163,110,298,84,229,221,92,216,104,286,142
132,163,110,298,84,229,221,92,216,104,286,142
221,117,60,246,17,148,5,154,234,15,202,14
221,117,60,246,17,148,5,154,234,15,202,14
202,14,221,117,60,246,17,148,5,154,234,15
202,14,221,117,60,246,17,148,5,154,234,15
104,154,110,139,300,36,143,157,231,228,56,443
104,154,110,139,300,36,143,157,231,228,56,443
56,443,104,154,110,139,300,36,143,157,231,228
56,443,104,154,110,139,300,36,143,157,231,228
46,67,61,103,43,94,104,58,22,58,148,16
46,67,61,103,43,94,104,58,22,58,148,16
148,16,46,67,61,103,43,94,104,58,22,58
148,16,46,67,61,103,43,94,104,58,22,58
129,0,103,9,194,50,5,48,58,172,0,119
129,0,103,9,194,50,5,48,58,172,0,119
0,119,129,0,103,9,194,50,5,48,58,172
0,119,129,0,103,9,194,50,5,48,58,172
280,147,18,23,38,171,31,112,131,7,111,18
280,147,18,23,38,171,31,112,131,7,111,18
111,18,280,147,18,23,38,171,31,112,131,7
111,18,280,147,18,23,38,171,31,112,131,7
9,44,64,4,61,9,46,51,12,90,25,48
9,44,64,4,61,9,46,51,12,90,25,48
25,48,9,44,64,4,61,9,46,51,12,90
25,48,9,44,64,4,61,9,46,51,12,90
16,176,44,197,85,72,194,42,97,17,185,207
16,176,44,197,85,72,194,42,97,17,185,207
185,207,16,176,44,197,85,72,194,42,97,17
185,207,16,176,44,197,85,72,194,42,97,17
33,24,105,3,54,108,6,75,0,120,51,0
33,24,105,3,54,108,6,75,0,120,51,0
51,0,33,24,105,3,54,108,6,75,0,120
51,0,33,24,105,3,54,108,6,75,0,120
262,552,104,744,853,149,763,130,729,319,267,680
262,552,104,744,853,149,763,130,729,319,267,680
267,680,262,552,104,744,853,149,763,130,729,319
267,680,262,552,104,744,853,149,763,130,729,319
99,189,181,157,232,145,284,172,105,74,199,319
99,189,181,157,232,145,284,172,105,74,199,319
199,319,99,189,181,157,232,145,284,172,105,74
199,319,99,189,181,157,232,145,284,172,105,74
32,178,363,17,255,58,193,132,73,373,37,130
32,178,363,17,255,58,193,132,73,373,37,130
37,130,32,178,363,17,255,58,193,132,73,373
37,130,32,178,363,17,255,58,193,132,73,373
29,157,286,16,221,49,154,93,74,328,33,122
29,157,286,16,221,49,154,93,74,328,33,122
33,122,29,157,286,16,221,49,154,93,74,328
33,122,29,157,286,16,221,49,154,93,74,328
123,57,196,43,71,149,42,118,23,165,86,32
123,57,196,43,71,149,42,118,23,165,86,32
86,32,123,57,196,43,71,149,42,118,23,165
86,32,123,57,196,43,71,149,42,118,23,165
189,27,125,48,282,137,30,88,122,211,39,151
189,27,125,48,282,137,30,88,122,211,39,151
39,151,189,27,125,48,282,137,30,88,122,211
39,151,189,27,125,48,282,137,30,88,122,211
88,282,56,219,85,251,236,23,231,85,140,56
88,282,56,219,85,251,236,23,231,85,140,56
140,56,88,282,56,219,85,251,236,23,231,85
140,56,88,282,56,219,85,251,236,23,231,85
7,171,22,50,18,53,90,15,73,20,101,86
7,171,22,50,18,53,90,15,73,20,101,86
101,86,7,171,22,50,18,53,90,15,73,20
101,86,7,171,22,50,18,53,90,15,73,20
509,750,168,505,357,720,573,151,965,389,367,324
509,750,168,505,357,720,573,151,965,389,367,324
367,324,509,750,168,505,357,720,573,151,965,389
367,324,509,750,168,505,357,720,573,151,965,389
163,102,163,242,29,174,44,177,153,29,184,42
163,102,163,242,29,174,44,177,153,29,184,42
184,42,163,102,163,242,29,174,44,177,153,29
184,42,163,102,163,242,29,174,44,177,153,29
28,165,9,79,15,64,144,15,125,19,108,67
28,165,9,79,15,64,144,15,125,19,108,67
108,67,28,165,9,79,15,64,144,15,125,19
108,67,28,165,9,79,15,64,144,15,125,19
381,630,133,1067,385,366,220,447,937,155,654,385
381,630,133,1067,385,366,220,447,937,155,654,385
654,385,381,630,133,1067,385,366,220,447,937,155
654,385,381,630,133,1067,385,366,220,447,937,155
403,663,150,440,342,545,502,150,868,323,304,325
403,663,150,440,342,545,502,150,868,323,304,325
304,325,403,663,150,440,342,545,502,150,868,323
304,325,403,663,150,440,342,545,502,150,868,323
43,58,47,106,72,77,81,70,136,49,129,93
43,58,47,106,72,77,81,70,136,49,129,93
129,93,43,58,47,106,72,77,81,70,136,49
129,93,43,58,47,106,72,77,81,70,136,49
151,726,175,498,283,280,668,84,615,168,432,387
151,726,175,498,283,280,668,84,615,168,432,387
432,387,151,726,175,498,283,280,668,84,615,168
432,387,151,726,175,498,283,280,668,84,615,168
225,27,219,46,193,217,42,268,68,143,28,160
225,27,219,46,193,217,42,268,68,143,28,160
28,160,225,27,219,46,193,217,42,268,68,143
28,160,225,27,219,46,193,217,42,268,68,143
122,295,147,402,319,130,186,141,295,126,146,289
122,295,147,402,319,130,186,141,295,126,146,289
146,289,122,295,147,402,319,130,186,141,295,126
146,289,122,295,147,402,319,130,186,141,295,126
11,122,80,25,57,45,121,18,70,99,8,83
11,122,80,25,57,45,121,18,70,99,8,83
8,83,11,122,80,25,57,45,121,18,70,99
8,83,11,122,80,25,57,45,121,18,70,99
329,72,217,38,187,303,40,332,27,332,184,70
329,72,217,38,187,303,40,332,27,332,184,70
184,70,329,72,217,38,187,303,40,332,27,332
184,70,329,72,217,38,187,303,40,332,27,332
175,224,93,331,133,128,79,143,342,88,168,119
175,224,93,331,133,128,79,143,342,88,168,119
168,119,175,224,93,331,133,128,79,143,342,88
168,119,175,224,93,331,133,128,79,143,342,88
153,60,143,78,182,104,48,74,82,195,77,122
153,60,143,78,182,104,48,74,82,195,77,122
77,122,153,60,143,78,182,104,48,74,82,195
77,122,153,60,143,78,182,104,48,74,82,195
154,155,11,109,22,234,151,56,369,12,151,3
154,155,11,109,22,234,151,56,369,12,151,3
151,3,154,155,11,109,22,234,151,56,369,12
151,3,154,155,11,109,22,234,151,56,369,12
114,526,370,179,570,154,672,523,169,126,368,657
114,526,370,179,570,154,672,523,169,126,368,657
368,657,114,526,370,179,570,154,672,523,169,126
368,657,114,526,370,179,570,154,672,523,169,126
72,239,157,156,213,122,245,173,145,99,188,243
72,239,157,156,213,122,245,173,145,99,188,243
188,243,72,239,157,156,213,122,245,173,145,99
188,243,72,239,157,156,213,122,245,173,145,99
75,2,23,7,57,31,4,77,2,47,3,22
75,2,23,7,57,31,4,77,2,47,3,22
3,22,75,2,23,7,57,31,4,77,2,47
3,22,75,2,23,7,57,31,4,77,2,47
11,72,7,40,31,0,40,2,78,31,4,14
11,72,7,40,31,0,40,2,78,31,4,14
4,14,11,72,7,40,31,0,40,2,78,31
4,14,11,72,7,40,31,0,40,2,78,31
16,30,32,68,12,46,64,12,20,22,58,54
16,30,32,68,12,46,64,12,20,22,58,54
58,54,16,30,32,68,12,46,64,12,20,22
58,54,16,30,32,68,12,46,64,12,20,22
20,32,79,0,28,3,65,43,3,4,22,104
20,32,79,0,28,3,65,43,3,4,22,104
22,104,20,32,79,0,28,3,65,43,3,4
22,104,20,32,79,0,28,3,65,43,3,4
12,81,110,6,123,13,129,76,35,268,10,96
12,81,110,6,123,13,129,76,35,268,10,96
10,96,12,81,110,6,123,13,129,76,35,268
10,96,12,81,110,6,123,13,129,76,35,268
181,546,28,417,220,134,332,59,631,218,146,105
181,546,28,417,220,134,332,59,631,218,146,105
146,105,181,546,28,417,220,134,332,59,631,218
146,105,181,546,28,417,220,134,332,59,631,218
63,162,4,140,61,95,56,6,625,7,52,64
63,162,4,140,61,95,56,6,625,7,52,64
52,64,63,162,4,140,61,95,56,6,625,7
52,64,63,162,4,140,61,95,56,6,625,7
317,118,47,98,56,228,44,144,142,76,152,35
317,118,47,98,56,228,44,144,142,76,152,35
152,35,317,118,47,98,56,228,44,144,142,76
152,35,317,118,47,98,56,228,44,144,142,76
391,185,52,489,90,170,20,176,505,54,169,48
391,185,52,489,90,170,20,176,505,54,169,48
169,48,391,185,52,489,90,170,20,176,505,54
169,48,391,185,52,489,90,170,20,176,505,54
196,211,60,198,94,233,160,88,114,116,208,80
196,211,60,198,94,233,160,88,114,116,208,80
208,80,196,211,60,198,94,233,160,88,114,116
208,80,196,211,60,198,94,233,160,88,114,116
420,319,23,318,46,136,19,121,357,24,313,43
420,319,23,318,46,136,19,121,357,24,313,43
313,43,420,319,23,318,46,136,19,121,357,24
313,43,420,319,23,318,46,136,19,121,357,24
101,222,62,384,188,100,324,83,283,59,213,269
101,222,62,384,188,100,324,83,283,59,213,269
213,269,101,222,62,384,188,100,324,83,283,59
213,269,101,222,62,384,188,100,324,83,283,59
143,19,70,25,101,132,5,117,11,172,63,39
143,19,70,25,101,132,5,117,11,172,63,39
63,39,143,19,70,25,101,132,5,117,11,172
63,39,143,19,70,25,101,132,5,117,11,172
173,496,28,388,199,141,300,59,588,210,137,97
173,496,28,388,199,141,300,59,588,210,137,97
137,97,173,496,28,388,199,141,300,59,588,210
137,97,173,496,28,388,199,141,300,59,588,210
430,301,92,404,134,382,168,189,534,53,306,112
430,301,92,404,134,382,168,189,534,53,306,112
306,112,430,301,92,404,134,382,168,189,534,53
306,112,430,301,92,404,134,382,168,189,534,53
325,300,57,432,241,238,140,191,507,78,261,198
325,300,57,432,241,238,140,191,507,78,261,198
261,198,325,300,57,432,241,238,140,191,507,78
261,198,325,300,57,432,241,238,140,191,507,78
2051,1036,579,1213,635,2195,272,1550,1569,344,1281,488
2051,1036,579,1213,635,2195,272,1550,1569,344,1281,488
1281,488,2051,1036,579,1213,635,2195,272,1550,1569,344
1281,488,2051,1036,579,1213,635,2195,272,1550,1569,344
78,301,90,301,62,240,321,42,311,69,344,228
78,301,90,301,62,240,321,42,311,69,344,228
344,228,78,301,90,301,62,240,321,42,311,69
344,228,78,301,90,301,62,240,321,42,311,69
225,27,219,46,193,217,42,268,68,143,28,160
225,27,219,46,193,217,42,268,68,143,28,160
28,160,225,27,219,46,193,217,42,268,68,143
28,160,225,27,219,46,193,217,42,268,68,143
70,71,158,0,193,214,0,141,0,259,84,0
70,71,158,0,193,214,0,141,0,259,84,0
84,0,70,71,158,0,193,214,0,141,0,259
84,0,70,71,158,0,193,214,0,141,0,259
0,34,2,49,24,5,95,3,29,0,24,48
0,34,2,49,24,5,95,3,29,0,24,48
24,48,0,34,2,49,24,5,95,3,29,0
24,48,0,34,2,49,24,5,95,3,29,0
254,132,20,334,35,103,15,83,315,42,157,1
254,132,20,334,35,103,15,83,315,42,157,1
157,1,254,132,20,334,35,103,15,83,315,42
157,1,254,132,20,334,35,103,15,83,315,42
0,75,186,0,108,6,202,54,24,174,21,75
0,75,186,0,108,6,202,54,24,174,21,75
21,75,0,75,186,0,108,6,202,54,24,174
21,75,0,75,186,0,108,6,202,54,24,174
150,257,35,327,102,124,87,139,366,58,263,153
150,257,35,327,102,124,87,139,366,58,263,153
263,153,150,257,35,327,102,124,87,139,366,58
263,153,150,257,35,327,102,124,87,139,366,58
469,1479,416,1242,2608,328,1809,311,2019,1354,462,2896
469,1479,416,1242,2608,328,1809,311,2019,1354,462,2896
462,2896,469,1479,416,1242,2608,328,1809,311,2019,1354
462,2896,469,1479,416,1242,2608,328,1809,311,2019,1354
110,187,18,199,35,158,135,59,235,18,110,36
110,187,18,199,35,158,135,59,235,18,110,36
110,36,110,187,18,199,35,158,135,59,235,18
110,36,110,187,18,199,35,158,135,59,235,18
88,208,75,176,262,35,252,79,200,164,60,217
88,208,75,176,262,35,252,79,200,164,60,217
60,217,88,208,75,176,262,35,252,79,200,164
60,217,88,208,75,176,262,35,252,79,200,164
41,8,22,24,1,16,6,40,21,6,4,15
41,8,22,24,1,16,6,40,21,6,4,15
4,15,41,8,22,24,1,16,6,40,21,6
4,15,41,8,22,24,1,16,6,40,21,6
296,17,137,46,157,107,39,173,51,122,24,153
296,17,137,46,157,107,39,173,51,122,24,153
24,153,296,17,137,46,157,107,39,173,51,122
24,153,296,17,137,46,157,107,39,173,51,122
53,33,10,45,62,15,22,56,68,24,12,60
53,33,10,45,62,15,22,56,68,24,12,60
12,60,53,33,10,45,62,15,22,56,68,24
12,60,53,33,10,45,62,15,22,56,68,24
103,0,181,36,12,87,31,93,0,86,150,0
103,0,181,36,12,87,31,93,0,86,150,0
150,0,103,0,181,36,12,87,31,93,0,86
150,0,103,0,181,36,12,87,31,93,0,86
65,91,196,41,166,101,66,57,88,172,25,123
65,91,196,41,166,101,66,57,88,172,25,123
25,123,65,91,196,41,166,101,66,57,88,172
25,123,65,91,196,41,166,101,66,57,88,172
156,66,136,102,36,266,44,81,0,95,228,0
156,66,136,102,36,266,44,81,0,95,228,0
228,0,156,66,136,102,36,266,44,81,0,95
228,0,156,66,136,102,36,266,44,81,0,95
81,649,462,235,483,146,272,245,253,713,103,286
81,649,462,235,483,146,272,245,253,713,103,286
103,286,81,649,462,235,483,146,272,245,253,713
103,286,81,649,462,235,483,146,272,245,253,713
353,81,245,228,45,192,52,319,150,30,95,102
353,81,245,228,45,192,52,319,150,30,95,102
95,102,353,81,245,228,45,192,52,319,150,30
95,102,353,81,245,228,45,192,52,319,150,30
83,56,78,238,19,142,48,128,85,46,264,46
83,56,78,238,19,142,48,128,85,46,264,46
264,46,83,56,78,238,19,142,48,128,85,46
264,46,83,56,78,238,19,142,48,128,85,46
26,47,78,380,47,77,142,64,127,14,230,84
26,47,78,380,47,77,142,64,127,14,230,84
230,84,26,47,78,380,47,77,142,64,127,14
230,84,26,47,78,380,47,77,142,64,127,14
264,5,132,0,239,160,39,398,5,54,5,118
264,5,132,0,239,160,39,398,5,54,5,118
5,118,264,5,132,0,239,160,39,398,5,54
5,118,264,5,132,0,239,160,39,398,5,54
142,388,54,230,148,107,300,40,339,147,132,147
142,388,54,230,148,107,300,40,339,147,132,147
132,147,142,388,54,230,148,107,300,40,339,147
132,147,142,388,54,230,148,107,300,40,339,147
144,0,50,2,32,109,2,76,2,82,23,15
144,0,50,2,32,109,2,76,2,82,23,15
23,15,144,0,50,2,32,109,2,76,2,82
23,15,144,0,50,2,32,109,2,76,2,82
88,208,75,176,262,35,252,79,200,164,60,217
88,208,75,176,262,35,252,79,200,164,60,217
60,217,88,208,75,176,262,35,252,79,200,164
60,217,88,208,75,176,262,35,252,79,200,164
78,6,37,35,119,24,50,45,18,78,10,83
78,6,37,35,119,24,50,45,18,78,10,83
10,83,78,6,37,35,119,24,50,45,18,78
10,83,78,6,37,35,119,24,50,45,18,78
52,0,47,84,4,52,12,98,93,6,97,11
52,0,47,84,4,52,12,98,93,6,97,11
97,11,52,0,47,84,4,52,12,98,93,6
97,11,52,0,47,84,4,52,12,98,93,6
65,34,38,57,4,24,29,81,26,41,45,3
65,34,38,57,4,24,29,81,26,41,45,3
45,3,65,34,38,57,4,24,29,81,26,41
45,3,65,34,38,57,4,24,29,81,26,41
246,400,812,88,630,164,454,532,124,860,154,420
246,400,812,88,630,164,454,532,124,860,154,420
154,420,246,400,812,88,630,164,454,532,124,860
154,420,246,400,812,88,630,164,454,532,124,860
570,79,452,145,314,561,60,489,61,399,361,127
570,79,452,145,314,561,60,489,61,399,361,127
361,127,570,79,452,145,314,561,60,489,61,399
361,127,570,79,452,145,314,561,60,489,61,399
886,474,2750,122,1030,26,1172,2658,72,2148,106,1320
886,474,2750,122,1030,26,1172,2658,72,2148,106,1320
106,1320,886,474,2750,122,1030,26,1172,2658,72,2148
106,1320,886,474,2750,122,1030,26,1172,2658,72,2148
336,21,372,1042,41,558,35,533,298,89,930,50
336,21,372,1042,41,558,35,533,298,89,930,50
930,50,336,21,372,1042,41,558,35,533,298,89
930,50,336,21,372,1042,41,558,35,533,298,89
400,10,182,27,131,347,1,181,20,247,152,42
400,10,182,27,131,347,1,181,20,247,152,42
152,42,400,10,182,27,131,347,1,181,20,247
152,42,400,10,182,27,131,347,1,181,20,247
186,52,252,119,95,151,58,236,43,173,155,52
186,52,252,119,95,151,58,236,43,173,155,52
155,52,186,52,252,119,95,151,58,236,43,173
155,52,186,52,252,119,95,151,58,236,43,173
96,6,216,0,60,0,56,222,0,118,0,194
96,6,216,0,60,0,56,222,0,118,0,194
0,194,96,6,216,0,60,0,56,222,0,118
0,194,96,6,216,0,60,0,56,222,0,118
719,67,514,623,120,426,103,987,245,198,549,143
719,67,514,623,120,426,103,987,245,198,549,143
549,143,719,67,514,623,120,426,103,987,245,198
549,143,719,67,514,623,120,426,103,987,245,198
110,776,2128,72,1258,136,1174,840,286,2024,88,754
110,776,2128,72,1258,136,1174,840,286,2024,88,754
88,754,110,776,2128,72,1258,136,1174,840,286,2024
88,754,110,776,2128,72,1258,136,1174,840,286,2024
1305,63,646,162,871,598,147,973,173,601,169,527
1305,63,646,162,871,598,147,973,173,601,169,527
169,527,1305,63,646,162,871,598,147,973,173,601
169,527,1305,63,646,162,871,598,147,973,173,601
1174,54,548,218,684,538,100,986,196,360,76,516
1174,54,548,218,684,538,100,986,196,360,76,516
76,516,1174,54,548,218,684,538,100,986,196,360
76,516,1174,54,548,218,684,538,100,986,196,360
158,19,192,151,45,214,10,118,15,115,190,6
158,19,192,151,45,214,10,118,15,115,190,6
190,6,158,19,192,151,45,214,10,118,15,115
190,6,158,19,192,151,45,214,10,118,15,115
87,689,1888,68,1151,67,991,566,232,1868,48,634
87,689,1888,68,1151,67,991,566,232,1868,48,634
48,634,87,689,1888,68,1151,67,991,566,232,1868
48,634,87,689,1888,68,1151,67,991,566,232,1868
780,288,2530,358,738,178,982,2280,98,1514,274,1358
780,288,2530,358,738,178,982,2280,98,1514,274,1358
274,1358,780,288,2530,358,738,178,982,2280,98,1514
274,1358,780,288,2530,358,738,178,982,2280,98,1514
263,82,536,42,229,23,246,462,13,353,22,298
263,82,536,42,229,23,246,462,13,353,22,298
22,298,263,82,536,42,229,23,246,462,13,353
22,298,263,82,536,42,229,23,246,462,13,353
2,56,78,0,66,6,68,58,20,102,2,40
2,56,78,0,66,6,68,58,20,102,2,40
2,40,2,56,78,0,66,6,68,58,20,102
2,40,2,56,78,0,66,6,68,58,20,102
137,1007,588,272,1283,148,776,191,817,1267,69,1061
137,1007,588,272,1283,148,776,191,817,1267,69,1061
69,1061,137,1007,588,272,1283,148,776,191,817,1267
69,1061,137,1007,588,272,1283,148,776,191,817,1267
460,232,462,341,244,474,353,400,247,341,313,255
460,232,462,341,244,474,353,400,247,341,313,255
313,255,460,232,462,341,244,474,353,400,247,341
313,255,460,232,462,341,244,474,353,400,247,341
72,0,57,3,66,57,6,75,0,49,9,40
72,0,57,3,66,57,6,75,0,49,9,40
9,40,72,0,57,3,66,57,6,75,0,49
9,40,72,0,57,3,66,57,6,75,0,49
572,17,335,22,355,398,16,521,32,222,83,201
572,17,335,22,355,398,16,521,32,222,83,201
83,201,572,17,335,22,355,398,16,521,32,222
83,201,572,17,335,22,355,398,16,521,32,222
490,75,543,1711,46,887,40,1127,596,144,1418,38
490,75,543,1711,46,887,40,1127,596,144,1418,38
1418,38,490,75,543,1711,46,887,40,1127,596,144
1418,38,490,75,543,1711,46,887,40,1127,596,144
112,0,30,2,40,50,0,96,0,36,28,24
112,0,30,2,40,50,0,96,0,36,28,24
28,24,112,0,30,2,40,50,0,96,0,36
28,24,112,0,30,2,40,50,0,96,0,36
750,335,260,517,164,619,144,562,648,145,717,193
750,335,260,517,164,619,144,562,648,145,717,193
717,193,750,335,260,517,164,619,144,562,648,145
717,193,750,335,260,517,164,619,144,562,648,145
431,141,910,100,368,116,383,869,83,507,89,672
431,141,910,100,368,116,383,869,83,507,89,672
89,672,431,141,910,100,368,116,383,869,83,507
89,672,431,141,910,100,368,116,383,869,83,507
688,18,546,2,478,266,96,582,32,364,8,358
688,18,546,2,478,266,96,582,32,364,8,358
8,358,688,18,546,2,478,266,96,582,32,364
8,358,688,18,546,2,478,266,96,582,32,364
50,0,48,30,2,48,6,38,0,42,50,12
50,0,48,30,2,48,6,38,0,42,50,12
50,12,50,0,48,30,2,48,6,38,0,42
50,12,50,0,48,30,2,48,6,38,0,42
77,816,2343,44,924,61,1130,537,150,1735,47,520
77,816,2343,44,924,61,1130,537,150,1735,47,520
47,520,77,816,2343,44,924,61,1130,537,150,1735
47,520,77,816,2343,44,924,61,1130,537,150,1735
935,19,967,633,154,1267,26,512,75,622,1389,52
935,19,967,633,154,1267,26,512,75,622,1389,52
1389,52,935,19,967,633,154,1267,26,512,75,622
1389,52,935,19,967,633,154,1267,26,512,75,622
162,42,218,94,70,206,21,141,49,105,224,36
162,42,218,94,70,206,21,141,49,105,224,36
224,36,162,42,218,94,70,206,21,141,49,105
224,36,162,42,218,94,70,206,21,141,49,105
62,198,347,25,257,0,260,183,32,431,8,192
62,198,347,25,257,0,260,183,32,431,8,192
8,192,62,198,347,25,257,0,260,183,32,431
8,192,62,198,347,25,257,0,260,183,32,431
1829,65,1136,53,1173,798,271,1790,51,838,52,870
1829,65,1136,53,1173,798,271,1790,51,838,52,870
52,870,1829,65,1136,53,1173,798,271,1790,51,838
52,870,1829,65,1136,53,1173,798,271,1790,51,838
470,97,493,60,424,292,116,676,81,458,82,368
470,97,493,60,424,292,116,676,81,458,82,368
82,368,470,97,493,60,424,292,116,676,81,458
82,368,470,97,493,60,424,292,116,676,81,458
144,96,402,40,152,280,25,204,77,353,167,69
144,96,402,40,152,280,25,204,77,353,167,69
167,69,144,96,402,40,152,280,25,204,77,353
167,69,144,96,402,40,152,280,25,204,77,353
156,188,596,24,390,16,448,536,32,574,18,360
156,188,596,24,390,16,448,536,32,574,18,360
18,360,156,188,596,24,390,16,448,536,32,574
18,360,156,188,596,24,390,16,448,536,32,574
993,288,1584,344,994,1279,189,1106,215,1498,845,376
993,288,1584,344,994,1279,189,1106,215,1498,845,376
845,376,993,288,1584,344,994,1279,189,1106,215,1498
845,376,993,288,1584,344,994,1279,189,1106,215,1498
177,11,118,16,126,112,28,242,22,80,19,98
177,11,118,16,126,112,28,242,22,80,19,98
19,98,177,11,118,16,126,112,28,242,22,80
19,98,177,11,118,16,126,112,28,242,22,80
36,487,1362,54,875,18,884,586,128,1200,22,451
36,487,1362,54,875,18,884,586,128,1200,22,451
22,451,36,487,1362,54,875,18,884,586,128,1200
22,451,36,487,1362,54,875,18,884,586,128,1200
1860,58,1328,70,1419,702,216,2103,63,801,58,933
1860,58,1328,70,1419,702,216,2103,63,801,58,933
58,933,1860,58,1328,70,1419,702,216,2103,63,801
58,933,1860,58,1328,70,1419,702,216,2103,63,801
472,144,731,178,502,565,87,508,109,670,306,238
472,144,731,178,502,565,87,508,109,670,306,238
306,238,472,144,731,178,502,565,87,508,109,670
306,238,472,144,731,178,502,565,87,508,109,670
459,823,2615,98,1510,413,747,890,262,2470,294,645
459,823,2615,98,1510,413,747,890,262,2470,294,645
294,645,459,823,2615,98,1510,413,747,890,262,2470
294,645,459,823,2615,98,1510,413,747,890,262,2470
579,13,687,414,59,752,53,413,16,398,881,17
579,13,687,414,59,752,53,413,16,398,881,17
881,17,579,13,687,414,59,752,53,413,16,398
881,17,579,13,687,414,59,752,53,413,16,398
2,152,120,18,216,10,74,18,78,214,10,90
2,152,120,18,216,10,74,18,78,214,10,90
10,90,2,152,120,18,216,10,74,18,78,214
10,90,2,152,120,18,216,10,74,18,78,214
24,36,28,2,66,6,14,0,28,96,0,48
24,36,28,2,66,6,14,0,28,96,0,48
0,48,24,36,28,2,66,6,14,0,28,96
0,48,24,36,28,2,66,6,14,0,28,96
104,392,402,63,315,86,537,281,115,411,180,395
104,392,402,63,315,86,537,281,115,411,180,395
180,395,104,392,402,63,315,86,537,281,115,411
180,395,104,392,402,63,315,86,537,281,115,411
540,24,601,330,150,771,18,428,26,418,723,45
540,24,601,330,150,771,18,428,26,418,723,45
723,45,540,24,601,330,150,771,18,428,26,418
723,45,540,24,601,330,150,771,18,428,26,418
364,114,696,18,330,8,422,597,10,580,2,510
364,114,696,18,330,8,422,597,10,580,2,510
2,510,364,114,696,18,330,8,422,597,10,580
2,510,364,114,696,18,330,8,422,597,10,580
554,20,261,27,229,494,19,349,11,344,265,72
554,20,261,27,229,494,19,349,11,344,265,72
265,72,554,20,261,27,229,494,19,349,11,344
265,72,554,20,261,27,229,494,19,349,11,344
12,202,291,12,278,10,268,152,70,384,9,161
12,202,291,12,278,10,268,152,70,384,9,161
9,161,12,202,291,12,278,10,268,152,70,384
9,161,12,202,291,12,278,10,268,152,70,384
56,4,28,3,26,78,3,49,6,68,43,14
56,4,28,3,26,78,3,49,6,68,43,14
43,14,56,4,28,3,26,78,3,49,6,68
43,14,56,4,28,3,26,78,3,49,6,68
3,132,129,9,158,0,82,33,57,160,6,104
3,132,129,9,158,0,82,33,57,160,6,104
6,104,3,132,129,9,158,0,82,33,57,160
6,104,3,132,129,9,158,0,82,33,57,160
89,133,283,57,226,111,173,184,74,331,90,109
89,133,283,57,226,111,173,184,74,331,90,109
90,109,89,133,283,57,226,111,173,184,74,331
90,109,89,133,283,57,226,111,173,184,74,331
209,44,325,144,110,237,37,302,6,384,236,3
209,44,325,144,110,237,37,302,6,384,236,3
236,3,209,44,325,144,110,237,37,302,6,384
236,3,209,44,325,144,110,237,37,302,6,384
58,0,26,2,38,130,0,100,0,46,34,12
58,0,26,2,38,130,0,100,0,46,34,12
34,12,58,0,26,2,38,130,0,100,0,46
34,12,58,0,26,2,38,130,0,100,0,46
320,34,287,430,37,484,26,216,79,176,610,36
320,34,287,430,37,484,26,216,79,176,610,36
610,36,320,34,287,430,37,484,26,216,79,176
610,36,320,34,287,430,37,484,26,216,79,176
26,594,2135,6,877,12,657,478,244,1600,22,460
26,594,2135,6,877,12,657,478,244,1600,22,460
22,460,26,594,2135,6,877,12,657,478,244,1600
22,460,26,594,2135,6,877,12,657,478,244,1600
1108,318,1676,411,1029,1433,242,1240,260,1449,971,476
1108,318,1676,411,1029,1433,242,1240,260,1449,971,476
971,476,1108,318,1676,411,1029,1433,242,1240,260,1449
971,476,1108,318,1676,411,1029,1433,242,1240,260,1449
348,244,863,125,498,464,39,433,230,1132,274,174
348,244,863,125,498,464,39,433,230,1132,274,174
274,174,348,244,863,125,498,464,39,433,230,1132
274,174,348,244,863,125,498,464,39,433,230,1132
194,59,270,56,132,64,79,267,35,201,64,257
194,59,270,56,132,64,79,267,35,201,64,257
64,257,194,59,270,56,132,64,79,267,35,201
64,257,194,59,270,56,132,64,79,267,35,201
252,8,214,17,223,161,40,290,21,155,14,205
252,8,214,17,223,161,40,290,21,155,14,205
14,205,252,8,214,17,223,161,40,290,21,155
14,205,252,8,214,17,223,161,40,290,21,155
830,163,1122,604,287,611,379,1255,195,625,766,174
830,163,1122,604,287,611,379,1255,195,625,766,174
766,174,830,163,1122,604,287,611,379,1255,195,625
766,174,830,163,1122,604,287,611,379,1255,195,625
199,5,133,21,141,89,17,218,21,53,22,92
199,5,133,21,141,89,17,218,21,53,22,92
22,92,199,5,133,21,141,89,17,218,21,53
22,92,199,5,133,21,141,89,17,218,21,53
140,36,172,4,188,156,72,216,20,108,20,88
140,36,172,4,188,156,72,216,20,108,20,88
20,88,140,36,172,4,188,156,72,216,20,108
20,88,140,36,172,4,188,156,72,216,20,108
64,0,18,2,26,50,8,28,0,34,30,0
64,0,18,2,26,50,8,28,0,34,30,0
30,0,64,0,18,2,26,50,8,28,0,34
30,0,64,0,18,2,26,50,8,28,0,34
7,156,158,0,152,0,106,98,24,361,3,255
7,156,158,0,152,0,106,98,24,361,3,255
3,255,7,156,158,0,152,0,106,98,24,361
3,255,7,156,158,0,152,0,106,98,24,361
8,50,69,3,67,8,43,39,14,86,11,38
8,50,69,3,67,8,43,39,14,86,11,38
11,38,8,50,69,3,67,8,43,39,14,86
11,38,8,50,69,3,67,8,43,39,14,86
162,13,253,187,42,367,26,167,21,120,459,10
162,13,253,187,42,367,26,167,21,120,459,10
459,10,162,13,253,187,42,367,26,167,21,120
459,10,162,13,253,187,42,367,26,167,21,120
942,121,564,189,581,892,75,857,213,666,591,233
942,121,564,189,581,892,75,857,213,666,591,233
591,233,942,121,564,189,581,892,75,857,213,666
591,233,942,121,564,189,581,892,75,857,213,666
885,50,508,121,414,287,102,849,80,331,127,288
885,50,508,121,414,287,102,849,80,331,127,288
127,288,885,50,508,121,414,287,102,849,80,331
127,288,885,50,508,121,414,287,102,849,80,331
666,8,327,6,347,561,21,551,0,427,312,128
666,8,327,6,347,561,21,551,0,427,312,128
312,128,666,8,327,6,347,561,21,551,0,427
312,128,666,8,327,6,347,561,21,551,0,427
422,81,322,145,228,224,87,532,133,152,120,208
422,81,322,145,228,224,87,532,133,152,120,208
120,208,422,81,322,145,228,224,87,532,133,152
120,208,422,81,322,145,228,224,87,532,133,152
560,150,712,517,183,434,204,799,172,422,519,123
560,150,712,517,183,434,204,799,172,422,519,123
519,123,560,150,712,517,183,434,204,799,172,422
519,123,560,150,712,517,183,434,204,799,172,422
346,48,253,670,44,356,22,387,243,67,651,25
346,48,253,670,44,356,22,387,243,67,651,25
651,25,346,48,253,670,44,356,22,387,243,67
651,25,346,48,253,670,44,356,22,387,243,67
38,109,279,2,181,2,317,193,0,185,32,142
38,109,279,2,181,2,317,193,0,185,32,142
32,142,38,109,279,2,181,2,317,193,0,185
32,142,38,109,279,2,181,2,317,193,0,185
754,186,560,508,159,566,211,734,443,187,394,256
754,186,560,508,159,566,211,734,443,187,394,256
394,256,754,186,560,508,159,566,211,734,443,187
394,256,754,186,560,508,159,566,211,734,443,187
783,50,297,41,290,755,61,529,115,527,265,72
783,50,297,41,290,755,61,529,115,527,265,72
265,72,783,50,297,41,290,755,61,529,115,527
265,72,783,50,297,41,290,755,61,529,115,527
210,4,70,0,107,189,0,152,12,142,116,33
210,4,70,0,107,189,0,152,12,142,116,33
116,33,210,4,70,0,107,189,0,152,12,142
116,33,210,4,70,0,107,189,0,152,12,142
30,2,58,0,28,0,22,68,2,40,0,48
30,2,58,0,28,0,22,68,2,40,0,48
0,48,30,2,58,0,28,0,22,68,2,40
0,48,30,2,58,0,28,0,22,68,2,40
140,822,591,166,1026,158,539,153,515,1088,45,685
140,822,591,166,1026,158,539,153,515,1088,45,685
45,685,140,822,591,166,1026,158,539,153,515,1088
45,685,140,822,591,166,1026,158,539,153,515,1088
27,540,1509,47,663,216,1277,630,147,1401,57,386
27,540,1509,47,663,216,1277,630,147,1401,57,386
57,386,27,540,1509,47,663,216,1277,630,147,1401
57,386,27,540,1509,47,663,216,1277,630,147,1401
463,9,261,12,301,246,23,549,6,143,6,167
463,9,261,12,301,246,23,549,6,143,6,167
6,167,463,9,261,12,301,246,23,549,6,143
6,167,463,9,261,12,301,246,23,549,6,143
130,6,95,0,81,83,14,145,6,72,0,76
130,6,95,0,81,83,14,145,6,72,0,76
0,76,130,6,95,0,81,83,14,145,6,72
0,76,130,6,95,0,81,83,14,145,6,72
370,28,806,1386,58,873,165,915,897,165,1736,140
370,28,806,1386,58,873,165,915,897,165,1736,140
1736,140,370,28,806,1386,58,873,165,915,897,165
1736,140,370,28,806,1386,58,873,165,915,897,165
471,109,377,161,382,241,146,257,146,427,147,250
471,109,377,161,382,241,146,257,146,427,147,250
147,250,471,109,377,161,382,241,146,257,146,427
147,250,471,109,377,161,382,241,146,257,146,427
785,157,709,106,636,421,184,1043,129,709,132,601
785,157,709,106,636,421,184,1043,129,709,132,601
132,601,785,157,709,106,636,421,184,1043,129,709
132,601,785,157,709,106,636,421,184,1043,129,709
208,13,142,2,125,123,25,194,14,71,35,86
208,13,142,2,125,123,25,194,14,71,35,86
35,86,208,13,142,2,125,123,25,194,14,71
35,86,208,13,142,2,125,123,25,194,14,71
2,152,120,18,216,10,74,18,78,214,10,90
2,152,120,18,216,10,74,18,78,214,10,90
10,90,2,152,120,18,216,10,74,18,78,214
10,90,2,152,120,18,216,10,74,18,78,214
43,158,240,52,343,32,149,65,168,416,20,233
43,158,240,52,343,32,149,65,168,416,20,233
20,233,43,158,240,52,343,32,149,65,168,416
20,233,43,158,240,52,343,32,149,65,168,416
3,132,129,9,158,0,82,33,57,160,6,104
3,132,129,9,158,0,82,33,57,160,6,104
6,104,3,132,129,9,158,0,82,33,57,160
6,104,3,132,129,9,158,0,82,33,57,160
10,46,115,12,71,4,87,63,9,110,4,42
10,46,115,12,71,4,87,63,9,110,4,42
4,42,10,46,115,12,71,4,87,63,9,110
4,42,10,46,115,12,71,4,87,63,9,110
364,22,298,10,308,236,82,468,22,154,16,218
364,22,298,10,308,236,82,468,22,154,16,218
16,218,364,22,298,10,308,236,82,468,22,154
16,218,364,22,298,10,308,236,82,468,22,154
